date,contract,IM_price,MO_price,basis,rolling_mean,upper,lower,basis_check,basis_definition_error,IM_change,MO_change,basis_change,IM_return,MO_return,previous_contract,contract_changed,previous_strike,strike_changed,strike_change,days_to_expiry,rolling_std,z_score,basis_change_std,basis_change_z
2022-07-22,202208,6934.2,6955.2,21.0,,,,21.0,0.0,,,,,,,False,,False,,,,,,
2022-07-25,202208,6885.8,6877.799999999999,-8.00000000000091,,,,-8.00000000000091,0.0,-48.399999999999636,-77.40000000000055,-29.00000000000091,-0.006979896743676273,-0.011128364389234036,202208,False,,False,,,,,,
2022-07-26,202208,6964.4,6975.4,11.0,,,,11.0,0.0,78.59999999999945,97.60000000000036,19.00000000000091,0.011414795666443878,0.014190584198435552,202208,False,,False,,,,,,
2022-07-27,202208,7059.4,7063.0,3.600000000000364,,,,3.600000000000364,0.0,95.0,87.60000000000036,-7.399999999999636,0.013640801791970691,0.012558419588840852,202208,False,,False,,,,,,
2022-07-28,202208,7112.4,7113.0,0.6000000000003638,,,,0.6000000000003638,0.0,53.0,50.0,-3.0,0.007507720202850177,0.007079144839303497,202208,False,,False,,,,,,
2022-07-29,202208,7090.2,7090.4,0.1999999999998181,,,,0.1999999999998181,0.0,-22.199999999999818,-22.600000000000364,-0.4000000000005457,-0.003121309262696159,-0.0031772810347252545,202208,False,,False,,,,,,
2022-08-01,202208,7130.0,7136.4,6.399999999999636,,,,6.399999999999636,0.0,39.80000000000018,46.0,6.199999999999818,0.005613381851005572,0.006487645266839648,202208,False,,False,,,,,,
2022-08-02,202208,6975.4,6938.0,-37.39999999999963,,,,-37.399999999999636,7.105427357601002e-15,-154.60000000000036,-198.39999999999964,-43.799999999999265,-0.02168302945301548,-0.02780113222352998,202208,False,,False,,,,,,
2022-08-03,202208,6914.6,6880.0,-34.600000000000364,,,,-34.600000000000364,0.0,-60.79999999999927,-58.0,2.7999999999992653,-0.008716346015999021,-0.008359757855289751,202208,False,,False,,,,,,
2022-08-04,202208,6872.0,6899.0,27.0,,,,27.0,0.0,-42.600000000000364,19.0,61.600000000000364,-0.006160876984930508,0.002761627906976649,202208,False,,False,,,,,,
2022-08-05,202208,7051.4,7074.0,22.600000000000364,,,,22.600000000000364,0.0,179.39999999999964,175.0,-4.399999999999636,0.026105937136204904,0.025365995071749525,202208,False,,False,,,,,,
2022-08-08,202208,7130.6,7129.4,-1.2000000000007276,,,,-1.2000000000007276,0.0,79.20000000000073,55.399999999999636,-23.80000000000109,0.01123181212241553,0.007831495617755202,202208,False,,False,,,,,,
2022-08-09,202208,7154.4,7157.599999999999,3.199999999999818,,,,3.199999999999818,0.0,23.799999999999272,28.199999999999818,4.400000000000546,0.0033377275404593565,0.003955452071703114,202208,False,,False,,,,,,
2022-08-10,202208,7158.2,7168.0,9.800000000000182,,,,9.800000000000182,0.0,3.800000000000182,10.400000000000546,6.600000000000364,0.0005311416750530817,0.0014530010059239373,202208,False,,False,,,,,,
2022-08-11,202208,7278.6,7275.8,-2.800000000000182,,,,-2.800000000000182,0.0,120.40000000000055,107.80000000000018,-12.600000000000364,0.016819870917269775,0.015039062500000089,202208,False,,False,,,,,,
2022-08-12,202208,7228.8,7220.0,-8.800000000000182,,,,-8.800000000000182,0.0,-49.80000000000018,-55.80000000000018,-6.0,-0.006841975105102649,-0.007669259737760781,202208,False,,False,,,,,,
2022-08-15,202208,7262.4,7265.6,3.2000000000007276,,,,3.2000000000007276,0.0,33.599999999999454,45.600000000000364,12.00000000000091,0.004648074369189903,0.006315789473684275,202208,False,,False,,,,,,
2022-08-16,202208,7305.6,7308.6,3.0,,,,3.0,0.0,43.20000000000073,43.0,-0.2000000000007276,0.00594844679444817,0.005918299933935334,202208,False,,False,,,,,,
2022-08-17,202208,7325.8,7329.2,3.399999999999636,,,,3.399999999999636,0.0,20.199999999999818,20.599999999999454,0.3999999999996362,0.002765002190100674,0.002818597268970713,202208,False,,False,,,,,,
2022-08-18,202209,7307.4,7309.4,2.0,,,,2.0,0.0,-18.400000000000546,-19.800000000000182,-1.3999999999996362,-0.0025116710802916,-0.002701522676417656,202208,True,,False,,,,,,
2022-08-19,202209,7203.2,7188.2,-15.0,,,,-15.0,0.0,-104.19999999999982,-121.19999999999982,-17.0,-0.014259517749131034,-0.016581388349248938,202209,False,,False,,,,,,
2022-08-22,202209,7239.4,7234.599999999999,-4.800000000000182,,,,-4.800000000000182,0.0,36.19999999999982,46.399999999999636,10.199999999999818,0.005025544202576615,0.006455023510753666,202209,False,,False,,,,,,
2022-08-23,202209,7241.0,7253.2,12.199999999999818,,,,12.199999999999818,0.0,1.6000000000003638,18.600000000000364,17.0,0.0002210127911153048,0.0025709783540210918,202209,False,,False,,,,,,
2022-08-24,202209,6977.6,6970.0,-7.600000000000364,,,,-7.600000000000364,0.0,-263.39999999999964,-283.1999999999998,-19.800000000000182,-0.03637619113382129,-0.039044835383003296,202209,False,,False,,,,,,
2022-08-25,202209,6913.8,6946.4,32.599999999999454,,,,32.599999999999454,0.0,-63.80000000000018,-23.600000000000364,40.19999999999982,-0.009143545058472813,-0.003385939741750388,202209,False,,False,,,,,,
2022-08-26,202209,6911.6,6918.8,7.199999999999818,,,,7.199999999999818,0.0,-2.199999999999818,-27.599999999999454,-25.399999999999636,-0.00031820417136740886,-0.003973281124035388,202209,False,,False,,,,,,
2022-08-29,202209,6953.8,6954.2,0.3999999999996362,,,,0.3999999999996362,0.0,42.19999999999982,35.399999999999636,-6.800000000000182,0.006105677411887278,0.005116494189743914,202209,False,,False,,,,,,
2022-08-30,202209,6932.4,6937.4,5.0,,,,5.0,0.0,-21.400000000000546,-16.800000000000182,4.600000000000364,-0.0030774540538986983,-0.0024158062753444343,202209,False,,False,,,,,,
2022-08-31,202209,6731.0,6714.0,-17.0,,,,-17.0,0.0,-201.39999999999964,-223.39999999999964,-22.0,-0.029051987767583998,-0.032202265978608646,202209,False,,False,,,,,,
2022-09-01,202209,6679.2,6684.6,5.400000000000546,,,,5.400000000000546,0.0,-51.80000000000018,-29.399999999999636,22.400000000000546,-0.007695736146189347,-0.004378909740839987,202209,False,,False,,,,,,
2022-09-02,202209,6725.4,6737.8,12.400000000000546,,,,12.400000000000546,0.0,46.19999999999982,53.19999999999982,7.0,0.006916996047430901,0.007958591389163105,202209,False,,False,,,,,,
2022-09-05,202209,6738.2,6751.200000000001,13.00000000000091,,,,13.00000000000091,0.0,12.800000000000182,13.400000000000546,0.6000000000003638,0.0019032325214858314,0.0019887797203836932,202209,False,,False,,,,,,
2022-09-06,202209,6865.8,6879.4,13.599999999999454,,,,13.599999999999454,0.0,127.60000000000036,128.1999999999989,0.5999999999985448,0.018936808049627496,0.018989216731840175,202209,False,,False,,,,,,
2022-09-07,202209,6917.8,6917.2,-0.6000000000003638,,,,-0.6000000000003638,0.0,52.0,37.80000000000018,-14.199999999999818,0.007573771446881539,0.005494665232433027,202209,False,,False,,,,,,
2022-09-08,202209,6875.6,6874.0,-1.6000000000003638,,,,-1.6000000000003638,0.0,-42.19999999999982,-43.19999999999982,-1.0,-0.006100205267570602,-0.006245301567108008,202209,False,,False,,,,,,
2022-09-09,202209,6910.2,6910.200000000001,9.094947017729282e-13,,,,9.094947017729282e-13,0.0,34.599999999999454,36.20000000000073,1.6000000000012733,0.005032288091221027,0.005266220541169764,202209,False,,False,,,,,,
2022-09-13,202209,6888.0,6892.2,4.199999999999818,,,,4.199999999999818,0.0,-22.199999999999818,-18.00000000000091,4.199999999998909,-0.003212642181123493,-0.002604845011721979,202209,False,,False,,,,,,
2022-09-14,202209,6822.4,6821.2,-1.199999999999818,,,,-1.199999999999818,0.0,-65.60000000000036,-71.0,-5.399999999999636,-0.009523809523809601,-0.01030150024665566,202209,False,,False,,,,,,
2022-09-15,202210,6496.8,6520.8,24.0,,,,24.0,0.0,-325.59999999999945,-300.39999999999964,25.199999999999818,-0.047725140712945535,-0.04403917199319762,202209,True,,False,,,,,,
2022-09-16,202210,6397.0,6399.4,2.399999999999636,,,,2.399999999999636,0.0,-99.80000000000018,-121.40000000000055,-21.600000000000364,-0.015361408693510659,-0.018617347564716114,202210,False,,False,,,,,,
2022-09-19,202210,6298.2,6307.2,9.0,,,,9.0,0.0,-98.80000000000018,-92.19999999999982,6.600000000000364,-0.01544473972174465,-0.014407600712566748,202210,False,,False,,,13.841505772540897,,,
2022-09-20,202210,6372.2,6388.200000000001,16.00000000000091,,,,16.00000000000091,0.0,74.0,81.00000000000091,7.0000000000009095,0.01174938871423592,0.012842465753424737,202210,False,,False,,,13.702536706578197,,18.8425051413023,0.37150049568818133
2022-09-21,202210,6424.4,6410.799999999999,-13.600000000000364,,,,-13.600000000000364,0.0,52.19999999999982,22.599999999998545,-29.600000000001273,0.00819183327579176,0.003537772768541725,202210,False,,False,,,13.68512761248635,,18.640379719779443,-1.587950484109103
2022-09-22,202210,6438.4,6434.2,-4.199999999999818,,,,-4.199999999999818,0.0,14.0,23.400000000000546,9.400000000000546,0.0021791918311437897,0.0036500904723280048,202210,False,,False,,,13.761401394036799,,18.965190314630554,0.49564490754142265
2022-09-23,202210,6333.4,6321.599999999999,-11.800000000000182,,,,-11.800000000000182,0.0,-105.0,-112.60000000000036,-7.600000000000364,-0.016308399602385726,-0.01750023312921578,202210,False,,False,,,13.641269307869093,,18.802806039263707,-0.4041949900525576
2022-09-26,202210,6273.8,6262.8,-11.0,,,,-11.0,0.0,-59.599999999999454,-58.79999999999927,0.8000000000001819,-0.00941042725866037,-0.009301442672740912,202210,False,,False,,,13.656000272200682,,18.612941915917894,0.04298084653216574
2022-09-27,202210,6377.4,6396.6,19.200000000000728,,,,19.200000000000728,0.0,103.59999999999945,133.80000000000018,30.200000000000728,0.016513118046478814,0.021364246024142552,202210,False,,False,,,13.645388879807019,,18.401657808496918,1.6411564824369225
2022-09-28,202210,6240.2,6212.2,-28.0,,,,-28.0,0.0,-137.19999999999982,-184.40000000000055,-47.20000000000073,-0.021513469438956268,-0.028827814776600125,202210,False,,False,,,13.72677215591993,,18.75813871672636,-2.516241121402582
2022-09-29,202210,6215.0,6230.0,15.0,,,,15.0,0.0,-25.199999999999818,17.800000000000182,43.0,-0.00403833210474025,0.002865329512893977,202210,False,,False,,,14.270872482733555,,19.787388876678488,2.1731012751601604
2022-09-30,202210,6122.4,6108.2,-14.199999999999818,,,,-14.199999999999818,0.0,-92.60000000000036,-121.80000000000018,-29.199999999999818,-0.014899436846339542,-0.01955056179775283,202210,False,,False,,,14.247572892718795,,20.582067179020424,-1.4187107517443034
2022-10-10,202210,5978.0,5970.200000000001,-7.799999999999272,,,,-7.799999999999272,0.0,-144.39999999999964,-137.9999999999991,6.400000000000546,-0.023585522017509408,-0.022592580465603418,202210,False,,False,,,14.28698508633451,,20.7857691048207,0.30790296802230127
2022-10-11,202210,5996.6,5990.2,-6.400000000000546,,,,-6.400000000000546,0.0,18.600000000000364,19.99999999999909,1.3999999999987267,0.0031114084978254297,0.003349971525241857,202210,False,,False,,,14.20586788453781,,20.59719180383794,0.06797043079134021
2022-10-12,202210,6135.0,6172.0,37.0,,,,37.0,0.0,138.39999999999964,181.80000000000018,43.400000000000546,0.023079745188940404,0.030349570965910955,202210,False,,False,,,14.10869408800049,,20.392056892666137,2.1282796644025184
2022-10-13,202210,6245.0,6237.2,-7.800000000000182,,,,-7.800000000000182,0.0,110.0,65.19999999999982,-44.80000000000018,0.01792991035044822,0.010563836681788619,202210,False,,False,,,14.804939747560072,,21.090448039141133,-2.1241843661574755
2022-10-14,202210,6411.0,6414.0,3.0,,,,3.0,0.0,166.0,176.80000000000018,10.800000000000182,0.026581265012009636,0.028346052715962244,202210,False,,False,,,14.72558634084778,,21.786318125709283,0.4957239648151229
2022-10-17,202210,6466.6,6455.2,-11.400000000000546,,,,-11.400000000000546,0.0,55.600000000000364,41.19999999999982,-14.400000000000546,0.008672593979098586,0.006423448705955792,202210,False,,False,,,14.589417316777915,,21.634947270475013,-0.6655897895185571
2022-10-18,202210,6491.4,6491.4,0.0,,,,0.0,0.0,24.799999999999272,36.19999999999982,11.400000000000546,0.003835091083413067,0.005607882017598209,202210,False,,False,,,14.564635607855498,,21.517449187313712,0.5298025756102064
2022-10-19,202210,6470.8,6460.0,-10.800000000000182,,,,-10.800000000000182,0.0,-20.599999999999454,-31.399999999999636,-10.800000000000182,-0.0031734294605169078,-0.004837169177681178,202210,False,,False,,,14.435641459973441,,21.38104725728349,-0.5051202529998218
2022-10-20,202211,6368.8,6362.8,-6.0,,,,-6.0,0.0,-102.0,-97.19999999999982,4.800000000000182,-0.015763120479693415,-0.015046439628482955,202210,True,,False,,,14.400949840959832,,21.234228999495496,0.2260501193669064
2022-10-21,202211,6368.6,6382.0,13.399999999999636,,,,13.399999999999636,0.0,-0.1999999999998181,19.199999999999818,19.399999999999636,-3.140309006399722e-05,0.0030175394480416173,202211,False,,False,,,14.30870305271758,,21.058894455613945,0.9212259475866229
2022-10-24,202211,6332.2,6354.8,22.600000000000364,,,,22.600000000000364,0.0,-36.400000000000546,-27.199999999999818,9.200000000000728,-0.005715541877335806,-0.004261986837981846,202211,False,,False,,,14.273073697293212,,21.036151565959667,0.43734235186287623
2022-10-25,202211,6342.4,6339.0,-3.399999999999636,,,,-3.399999999999636,0.0,10.199999999999818,-15.800000000000182,-26.0,0.0016108145668172202,-0.0024863095612764896,202211,False,,False,,,14.409797820373667,,20.89185930717374,-1.2445038815225151
2022-10-26,202211,6476.2,6492.6,16.400000000000546,,,,16.400000000000546,0.0,133.80000000000018,153.60000000000036,19.800000000000182,0.02109611503531794,0.024230951254140987,202211,False,,False,,,14.306562712520378,,20.983326714322672,0.9436063341893837
2022-10-27,202211,6484.8,6469.8,-15.0,,,,-15.0,0.0,8.600000000000364,-22.800000000000182,-31.400000000000546,0.0013279392236187348,-0.0035116902319564103,202211,False,,False,,,14.310483698198233,,20.96814864349504,-1.497509414582569
2022-10-28,202211,6250.8,6230.2,-20.600000000000364,,,,-20.600000000000364,0.0,-234.0,-239.60000000000036,-5.600000000000364,-0.03608438193930419,-0.03703360227518626,202211,False,,False,,,14.354026797991649,,21.16951116027446,-0.2645313799455613
2022-10-31,202211,6274.2,6287.0,12.800000000000182,,,,12.800000000000182,0.0,23.399999999999636,56.80000000000018,33.400000000000546,0.003743520829333713,0.009116882283072725,202211,False,,False,,,14.507635920438668,,21.010231823324773,1.5897016406511573
2022-11-01,202211,6429.8,6467.8,38.0,,,,38.0,0.0,155.60000000000036,180.80000000000018,25.199999999999818,0.02479997449874083,0.028757754095753096,202211,False,,False,,,14.464315063507591,,21.2689788550948,1.1848241597157532
2022-11-02,202211,6528.8,6524.4,-4.400000000000546,,,,-4.400000000000546,0.0,99.0,56.599999999999454,-42.400000000000546,0.015397057451242757,0.008751043631528344,202211,False,,False,,,15.029786797571802,,21.333736811452756,-1.9874624110502115
2022-11-03,202211,6567.2,6566.2,-1.0,,,,-1.0,0.0,38.399999999999636,41.80000000000018,3.4000000000005457,0.005881632152922478,0.00640671939182158,202211,False,,False,,,14.937870746553534,,21.803478575075495,0.1559384200229056
2022-11-04,202211,6731.2,6735.8,4.600000000000364,,,,4.600000000000364,0.0,164.0,169.60000000000036,5.600000000000364,0.024972591058594285,0.025829246748499957,202211,False,,False,,,14.83197279123036,,21.645006439713757,0.25872018174712175
2022-11-07,202211,6717.0,6709.0,-8.0,,,,-8.0,0.0,-14.199999999999818,-26.800000000000182,-12.600000000000364,-0.0021095792726407714,-0.003978740461415109,202211,False,,False,,,14.72753677790403,,21.497093520707182,-0.5861257470859189
2022-11-08,202211,6688.4,6707.0,18.600000000000364,,,,18.600000000000364,0.0,-28.600000000000364,-2.0,26.600000000000364,-0.00425785320827754,-0.000298107020420324,202211,False,,False,,,14.669825585063354,,21.391839739803228,1.2434648129167896
2022-11-09,202211,6683.2,6673.0,-10.199999999999818,,,,-10.199999999999818,0.0,-5.199999999999818,-34.0,-28.800000000000182,-0.0007774654625919419,-0.005069330550171447,202211,False,,False,,,14.699512676495434,,21.47910575194948,-1.340837944214053
2022-11-10,202211,6619.2,6611.599999999999,-7.600000000000364,,,,-7.600000000000364,0.0,-64.0,-61.400000000000546,2.5999999999994543,-0.009576250897773475,-0.009201258804136137,202211,False,,False,,,14.667542522623561,,21.595069859890007,0.12039785084597532
2022-11-11,202211,6685.8,6647.0,-38.80000000000018,,,,-38.80000000000018,0.0,66.60000000000036,35.400000000000546,-31.199999999999818,0.01006163886874556,0.005354225905983556,202211,False,,False,,,14.6085478570737,,21.447518332384494,-1.4547137583227823
2022-11-14,202211,6588.0,6593.2,5.199999999999818,,,,5.199999999999818,0.0,-97.80000000000018,-53.80000000000018,44.0,-0.01462801758951815,-0.008093876936964062,202211,False,,False,,,15.247119001235623,,21.599097880430904,2.0371221170243707
2022-11-15,202211,6738.0,6746.4,8.399999999999636,,,,8.399999999999636,0.0,150.0,153.19999999999982,3.199999999999818,0.022768670309653904,0.02323606139659029,202211,False,,False,,,15.151968432135261,,22.067779945244148,0.14500778999699304
2022-11-16,202211,6702.0,6697.8,-4.199999999999818,,,,-4.199999999999818,0.0,-36.0,-48.599999999999454,-12.599999999999454,-0.005342831700801409,-0.007203842049092746,202211,False,,False,,,15.073782538810338,,21.92365877391581,-0.5747215886697982
2022-11-17,202212,6680.6,6710.599999999999,29.99999999999909,,,,29.99999999999909,0.0,-21.399999999999636,12.799999999999272,34.19999999999891,-0.0031930766935243104,0.00191107527844947,202211,True,,False,,,14.988886770095,,21.824995546895703,1.5670106290062165
2022-11-18,202212,6664.4,6656.400000000001,-7.999999999999091,,,,-7.9999999999990905,-8.881784197001252e-16,-16.200000000000728,-54.19999999999891,-37.99999999999818,-0.0024249318923451613,-0.008076774058951353,202212,False,,False,,,15.23840916644688,,22.032432274446656,-1.7247301399433237
2022-11-21,202212,6685.4,6684.599999999999,-0.8000000000001819,,,,-0.8000000000001819,0.0,21.0,28.19999999999891,7.1999999999989095,0.0031510713642639576,0.004236524247340778,202212,False,,False,,,15.18019174842626,,22.30682154788028,0.32277121976093875
2022-11-22,202212,6545.6,6563.0,17.399999999999636,,,,17.399999999999636,0.0,-139.79999999999927,-121.59999999999945,18.199999999999818,-0.020911239417237493,-0.01819106603237286,202212,False,,False,,,15.087272045594563,,22.181329673307545,0.8205098733058028
2022-11-23,202212,6546.6,6555.0,8.399999999999636,,,,8.399999999999636,0.0,1.0,-8.0,-9.0,0.00015277438279159838,-0.0012189547463050676,202212,False,,False,,,15.096074138040382,,22.13761504769663,-0.4065478589545006
2022-11-24,202212,6564.6,6564.400000000001,-0.1999999999998181,,,,-0.1999999999998181,0.0,18.0,9.400000000000546,-8.599999999999454,0.0027495188342039345,0.0014340198321891595,202212,False,,False,,,15.021689872237792,,22.022755880527885,-0.39050516868342605
2022-11-25,202212,6501.8,6505.8,4.0,,,,4.0,0.0,-62.80000000000018,-58.600000000000364,4.199999999999818,-0.009566462541510501,-0.008926939248065424,202212,False,,False,,,14.932506597986523,,21.907684658039823,0.1917135500879357
2022-11-28,202212,6480.8,6491.6,10.800000000000182,,,,10.800000000000182,0.0,-21.0,-14.199999999999818,6.800000000000182,-0.0032298748039004677,-0.002182667773371394,202212,False,,False,,,14.84532879780192,,21.78073635556154,0.31220248429589276
2022-11-29,202212,6598.8,6597.2,-1.6000000000003638,,,,-1.6000000000003638,0.0,118.0,105.59999999999945,-12.400000000000546,0.018207628687816335,0.016267176042886078,202212,False,,False,,,14.789654571792482,,21.664018885832753,-0.572377639871315
2022-11-30,202212,6572.6,6582.599999999999,9.99999999999909,,,,9.99999999999909,0.0,-26.199999999999818,-14.600000000000364,11.599999999999454,-0.0039704188640358185,-0.0022130600860972294,202212,False,,False,,,14.708204163458614,,21.5768778557682,0.5376125349339361
2022-12-01,202212,6673.0,6665.0,-8.0,,,,-8.0,0.0,100.39999999999964,82.40000000000055,-17.99999999999909,0.015275537838906894,0.012517850089630356,202212,False,,False,,,14.649153420070588,,21.488733985943316,-0.837648230545999
2022-12-02,202212,6690.4,6682.8,-7.599999999999454,,,,-7.599999999999454,0.0,17.399999999999636,17.800000000000182,0.4000000000005457,0.002607522853289357,0.002670667666916815,202212,False,,False,,,14.603834483240783,,21.449669284972558,0.0186483061666961
2022-12-05,202212,6696.0,6703.4,7.399999999999636,,,,7.399999999999636,0.0,5.600000000000364,20.599999999999454,14.99999999999909,0.0008370202080594247,0.0030825402525886947,202212,False,,False,,,14.555614470342336,,21.327588151106323,0.7033144063793729
2022-12-06,202212,6687.2,6697.0,9.800000000000182,,,,9.800000000000182,0.0,-8.800000000000182,-6.399999999999636,2.4000000000005457,-0.0013142174432497766,-0.0009547393859832276,202212,False,,False,,,14.486698711591965,,21.268836962040396,0.11284114896756936
2022-12-07,202212,6689.6,6697.6,8.0,,,,8.0,0.0,2.4000000000005457,0.6000000000003638,-1.800000000000182,0.00035889460461779876,8.959235478567251e-05,202212,False,,False,,,14.43101768347589,,21.152037343024116,-0.08509818561727421
2022-12-08,202212,6652.8,6659.4,6.599999999999454,,,,6.599999999999454,0.0,-36.80000000000018,-38.20000000000073,-1.4000000000005457,-0.005501076297536489,-0.005703535594840048,202212,False,,False,,,14.366375474455117,,21.036222826530825,-0.06655187157624465
2022-12-09,202212,6677.4,6679.6,2.2000000000007276,,,,2.2000000000007276,0.0,24.599999999999454,20.200000000000728,-4.399999999998727,0.003697691197691144,0.0030333063038712194,202212,False,,False,,,14.296973136304612,,20.921990283416104,-0.21030503983583262
2022-12-12,202212,6665.8,6657.4,-8.400000000000546,,,,-8.400000000000546,0.0,-11.599999999999454,-22.200000000000728,-10.600000000001273,-0.0017372031030040702,-0.003323552308521549,202212,False,,False,,,14.22073687341289,,20.81380848513594,-0.5092772909662929
2022-12-13,202212,6604.4,6606.400000000001,2.0000000000009095,,,,2.0000000000009095,0.0,-61.400000000000546,-50.99999999999909,10.400000000001455,-0.00921119745566934,-0.00766064830113844,202212,False,,False,,,14.185476727977838,,20.73027939422431,0.5016816127861263
2022-12-14,202212,6565.4,6577.8,12.400000000000546,,,,12.400000000000546,0.0,-39.0,-28.600000000000364,10.399999999999636,-0.005905154139664415,-0.004329135383870253,202212,False,,False,,,14.111404748863775,,20.649832313154672,0.5036360509995265
2022-12-15,202212,6602.6,6603.200000000001,0.6000000000003638,,,,0.6000000000003638,0.0,37.20000000000073,25.400000000000546,-11.800000000000182,0.0056660675663327,0.0038614734409680995,202212,False,,False,,,14.078527772666446,,20.57016385188689,-0.5736463785590009
2022-12-16,202301,6509.4,6535.4,26.0,,,,26.0,0.0,-93.20000000000073,-67.80000000000109,25.399999999999636,-0.014115651410050667,-0.010267748970196444,202212,True,,False,,,14.007223156521324,,20.498024413075818,1.2391438066488407
2022-12-19,202301,6398.4,6417.4,19.0,2.2279999999999927,30.511300994606664,-26.05530099460668,19.0,0.0,-111.0,-118.0,-7.0,-0.017052262881371516,-0.01805551305199371,202301,False,,False,,,14.141650497303335,1.1860001775039095,20.554940682887363,-0.3405507273405912
2022-12-20,202301,6356.6,6351.8,-4.800000000000182,2.394059405940587,30.732835974906056,-25.94471716302488,-4.800000000000182,0.0,-41.79999999999927,-65.59999999999945,-23.800000000000182,-0.006532883220805141,-0.010222208370991304,202301,False,,False,,,14.116225208653162,-0.5096305350477728,20.463014184008973,-1.1630740117748113
2022-12-21,202301,6292.2,6312.8,20.600000000000364,2.323529411764697,30.557631065869632,-25.91057224234024,20.600000000000364,0.0,-64.40000000000055,-39.0,25.400000000000546,-0.01013120221502073,-0.006139991813344237,202301,False,,False,,,14.096464203136323,1.296528712793761,20.395121619117358,1.2453958585955118
2022-12-22,202301,6200.4,6210.6,10.200000000000728,2.5009708737864025,30.82624532370558,-25.824303576132777,10.200000000000728,0.0,-91.80000000000018,-102.19999999999982,-10.399999999999636,-0.014589491751692552,-0.016189329616018266,202301,False,,False,,,14.18910892625795,0.5426013124733102,20.46516587133895,-0.5081805867288193
2022-12-23,202301,6153.2,6170.8,17.600000000000364,2.575000000000002,30.802848949409594,-25.652848949409588,17.600000000000364,0.0,-47.19999999999982,-39.80000000000018,7.399999999999636,-0.00761241210244501,-0.006408398544424099,202301,False,,False,,,14.210381608336437,1.057325581685015,20.478459833974807,0.36135530015409945
2022-12-26,202301,6288.0,6284.6,-3.399999999999636,2.718095238095243,30.962560740239844,-25.526370264049355,-3.399999999999636,0.0,134.80000000000018,113.80000000000018,-21.0,0.021907300266527985,0.018441693135411885,202301,False,,False,,,14.290069165951502,-0.42813615294964924,20.48913730430712,-1.0249333433665597
2022-12-27,202301,6329.6,6334.8,5.199999999999818,2.6603773584905746,30.795137140589492,-25.474382423608343,5.199999999999818,0.0,41.600000000000364,50.19999999999982,8.599999999999454,0.00661577608142494,0.007987779651847271,202301,False,,False,,,14.30063585504459,0.1775880923933452,20.598193114833197,0.4175123493626444
2022-12-28,202301,6282.8,6294.0,11.199999999999818,2.684112149532717,30.69015124938451,-25.32192695031908,11.199999999999818,0.0,-46.80000000000018,-40.80000000000018,6.0,-0.007393832153690605,-0.00644061375260474,202301,False,,False,,,14.297863935963099,0.595605601550542,20.606928716116656,0.2911642041692223
2022-12-29,202301,6280.8,6271.8,-9.0,2.762962962962968,30.68596246165243,-25.16003653572649,-9.0,0.0,-2.0,-22.199999999999818,-20.199999999999818,-0.0003183294072706122,-0.003527168732125774,202301,False,,False,,,13.742285255386214,-0.8559684757200436,20.134361904290188,-1.0032600037697565
2022-12-30,202301,6282.8,6287.4,4.599999999999454,2.655045871559638,30.53966908989534,-25.22957734677607,4.599999999999454,0.0,2.0,15.599999999999454,13.599999999999454,0.0003184307731498581,0.0024873242131444595,202301,False,,False,,,13.264734288992628,0.14662593958280662,20.23875829624288,0.6719779840705027
2023-01-03,202301,6426.0,6420.8,-5.199999999999818,2.672727272727273,30.43162248764829,-25.086167942193747,-5.199999999999818,0.0,143.19999999999982,133.40000000000055,-9.799999999999272,0.022792385560578055,0.0212170372491014,202301,False,,False,,,13.047242674762451,-0.6034016128139832,19.31740786090744,-0.5073144425257745
2023-01-04,202301,6405.6,6413.0,7.399999999999636,2.6018018018018036,30.27461723805112,-25.07101363444751,7.399999999999636,0.0,-20.399999999999636,-7.800000000000182,12.599999999999454,-0.0031746031746031633,-0.0012148018938450411,202301,False,,False,,,12.921874961678487,0.371323682702976,19.336737317888254,0.651609410256781
2023-01-05,202301,6483.8,6491.0,7.199999999999818,2.6446428571428555,30.207443735827088,-24.918158021541377,7.199999999999818,0.0,78.19999999999982,78.0,-0.1999999999998181,0.01220806794055207,0.012162794324029225,202301,False,,False,,,12.923844535422049,0.3524769375220746,19.23179721821197,-0.01039944409409765
2023-01-06,202301,6498.2,6502.2,4.0,2.684955752212386,30.137814323627175,-24.767902819202405,4.0,0.0,14.399999999999636,11.199999999999818,-3.199999999999818,0.002220919830963286,0.0017254660298875457,202301,False,,False,,,12.93112680333934,0.1016960291076889,19.226875130211063,-0.16643370169766583
2023-01-09,202301,6528.6,6518.6,-10.0,2.696491228070172,30.02871707572671,-24.63573461958637,-10.0,0.0,30.400000000000546,16.400000000000546,-14.0,0.0046782185836078405,0.0025222232475163864,202301,False,,False,,,12.912814714011217,-0.9832473793876776,19.218074299939136,-0.7284808967589608
2023-01-10,202301,6535.0,6533.6,-1.3999999999996362,2.586086956521736,29.90100013732383,-24.72882622428036,-1.3999999999996362,0.0,6.399999999999636,15.0,8.600000000000364,0.0009803020555707587,0.0023011075997914077,202301,False,,False,,,12.96450476641451,-0.30746156743662273,19.227810666591875,0.4472688102209565
2023-01-11,202301,6496.4,6495.6,-0.7999999999992724,2.5517241379310347,29.75768873662026,-24.65424046075819,-0.7999999999992724,0.0,-38.600000000000364,-38.0,0.6000000000003638,-0.00590665646518751,-0.005816089139218827,202301,False,,False,,,12.91889400150891,-0.2594435822090366,19.237771243682147,0.031188644069016523
2023-01-12,202301,6500.2,6495.8,-4.399999999999636,2.523076923076929,29.618608869486277,-24.57245502333242,-4.399999999999636,0.0,3.800000000000182,0.1999999999998181,-3.600000000000364,0.0005849393510251044,3.079007328032901e-05,202301,False,,False,,,12.923940825640106,-0.5356784758207583,19.200126262211132,-0.1874987669787219
2023-01-13,202301,6516.2,6537.0,20.800000000000185,2.4644067796610263,29.473990712431196,-24.545177153109144,20.800000000000182,3.552713678800501e-15,16.0,41.19999999999982,25.19999999999982,0.002461462724223873,0.006342559807875903,202301,False,,False,,,12.943919441384478,1.416541048742651,19.203422569527536,1.3122660769850372
2023-01-16,202301,6601.8,6594.599999999999,-7.200000000000728,2.618487394957994,29.72265514485611,-24.48568035494012,-7.200000000000728,0.0,85.60000000000036,57.599999999999454,-28.000000000000913,0.013136490592676742,0.008811381367599624,202301,False,,False,,,13.069494282797688,-0.7512522812670722,19.369029845909118,-1.445606735224001
2023-01-17,202301,6610.2,6606.599999999999,-3.600000000000364,2.536666666666671,29.5861753788158,-24.512842045482454,-3.600000000000364,0.0,8.399999999999636,12.0,3.600000000000364,0.0012723802599290401,0.0018196706396143014,202301,False,,False,,,13.108174487083973,-0.4681557048781847,19.572448580449635,0.18393201980851298
2023-01-18,202301,6626.0,6619.4,-6.600000000000364,2.485950413223142,29.44561541837643,-24.473714591930147,-6.600000000000364,0.0,15.800000000000182,12.800000000000182,-3.0,0.0023902453783546385,0.001937456482911104,202301,False,,False,,,13.00092242259697,-0.6988696738495392,19.500971330379528,-0.153838490871809
2023-01-19,202302,6704.8,6715.6,10.800000000000182,2.411475409836064,29.30986636261994,-24.48691554294781,10.800000000000182,0.0,78.80000000000018,96.20000000000073,17.400000000000546,0.011892544521581616,0.014533039248270319,202301,True,,False,,,13.012953763714316,0.6446287862448965,19.47667021922085,0.8933765271041603
2023-01-20,202302,6764.4,6780.2,15.800000000000182,2.4796747967479673,29.31027830877151,-24.350928715275575,15.800000000000182,0.0,59.599999999999454,64.59999999999945,5.0,0.00888915403889734,0.00961939365060438,202302,False,,False,,,13.003594840961469,1.0243571386346981,19.480241323459104,0.2566703315927993
2023-01-30,202302,6800.2,6801.8,1.6000000000003638,2.58709677419355,29.41529414451832,-24.24110059613122,1.6000000000003638,0.0,35.80000000000018,21.600000000000364,-14.199999999999818,0.005292413222163006,0.0031857467331348754,202302,False,,False,,,13.023555814776815,-0.07579318492060397,19.383426326674492,-0.7325846194931231
2023-01-31,202302,6820.0,6821.8,1.800000000000182,2.579200000000004,29.29958361710337,-24.14118361710336,1.800000000000182,0.0,19.800000000000182,20.0,0.1999999999998181,0.002911679068262618,0.0029403981299067627,202302,False,,False,,,12.679098205832013,-0.06145547477827825,19.01022319328702,0.010520655016320012
2023-02-01,202302,6910.0,6920.6,10.600000000000364,2.573015873015879,29.186665456021,-24.04063370998924,10.600000000000364,0.0,90.0,98.80000000000018,8.800000000000182,0.01319648093841641,0.014482981031399333,202302,False,,False,,,12.671700913468772,0.6334575114894473,18.840550614956808,0.4670776443770275
2023-02-02,202302,6933.4,6928.8,-4.599999999999454,2.6362204724409533,29.182301034378053,-23.909860089496146,-4.599999999999454,0.0,23.399999999999636,8.199999999999818,-15.199999999999818,0.0033863965267726392,0.0011848683640145463,202302,False,,False,,,12.693594344146133,-0.5700686721391498,18.848711769071574,-0.8064211595055082
2023-02-03,202302,6914.0,6916.2,2.199999999999818,2.579687500000013,29.05197411565567,-23.89259911565565,2.199999999999818,0.0,-19.399999999999636,-12.600000000000364,6.799999999999272,-0.002798050018749776,-0.0018184967093869409,202302,False,,False,,,12.713501929568128,-0.029864902849241357,18.904897126235237,0.3596951601795592
2023-02-06,202302,6883.0,6894.8,11.800000000000182,2.5767441860465228,28.945505434300983,-23.79201706220794,11.800000000000182,0.0,-31.0,-21.399999999999636,9.600000000000364,-0.004483656349435927,-0.003094184667881139,202302,False,,False,,,12.556076077527074,0.7345651425656371,18.786840870646444,0.5109959713876063
2023-02-07,202302,6894.8,6914.2,19.399999999999636,2.64769230769232,28.963828959954583,-23.66844434456994,19.399999999999636,0.0,11.800000000000182,19.399999999999636,7.599999999999454,0.0017143687345635428,0.0028137146835296445,202302,False,,False,,,12.58495751107475,1.3311374057135514,18.677288752694185,0.40691130820061666
2023-02-08,202302,6870.0,6868.2,-1.800000000000182,2.7755725190839793,29.153233132717578,-23.602088094549615,-1.800000000000182,0.0,-24.800000000000182,-46.0,-21.199999999999818,-0.003596913616058517,-0.006652975036880671,202302,False,,False,,,12.656942200175635,-0.3615069458894004,18.679635646307165,-1.1349257770020216
2023-02-09,202302,7008.8,7018.6,9.800000000000182,2.740909090909099,29.029767840936795,-23.547949659118597,9.800000000000182,0.0,138.80000000000018,150.40000000000055,11.600000000000364,0.020203784570596905,0.021898022771614123,202302,False,,False,,,12.626337552909032,0.5590766823325352,18.800206747197624,0.6170144911693309
2023-02-10,202302,6968.6,6979.0,10.399999999999636,2.7939849624060247,29.011672253778308,-23.423702328966257,10.399999999999636,0.0,-40.19999999999982,-39.600000000000364,0.5999999999994543,-0.005735646615683154,-0.0056421508562961575,202302,False,,False,,,12.599615193739213,0.6036704233136472,18.83677244008637,0.031852590559654455
2023-02-13,202302,7032.4,7037.0,4.600000000000364,2.850746268656723,29.002722530829363,-23.30122999351591,4.600000000000364,0.0,63.79999999999927,58.0,-5.799999999999272,0.009155354016588513,0.008310646224387375,202302,False,,False,,,12.616755734043762,0.13864528791848077,18.78244129526571,-0.3087990484741308
2023-02-14,202302,7043.0,7050.4,7.399999999999636,2.863703703703713,28.919655066823463,-23.19224765941604,7.399999999999636,0.0,10.600000000000364,13.399999999999636,2.7999999999992724,0.0015073090267903044,0.001904220548529123,202302,False,,False,,,12.609104294560813,0.3597635637174279,18.79143787403558,0.1490040314513705
2023-02-15,202303,7025.6,7028.0,2.399999999999636,2.8970588235294183,28.86798206531089,-23.07386441825205,2.399999999999636,0.0,-17.399999999999636,-22.399999999999636,-5.0,-0.002470538122958943,-0.003177124702144485,202302,True,,False,,,12.612607288989201,-0.03940968049990062,18.792813047072638,-0.26605915716161777
2023-02-16,202303,6933.4,6909.4,-24.0,2.8934306569343105,28.768835790216976,-22.981974476348356,-24.0,0.0,-92.20000000000073,-118.60000000000036,-26.399999999999636,-0.013123434297426684,-0.016875355719977336,202303,False,,False,,,12.61237231267521,-2.1323054846634117,18.794929361319003,-1.404634169806048
2023-02-17,202303,6871.8,6856.0,-15.800000000000182,2.698550724637685,28.88277158747827,-23.485670138202902,-15.800000000000182,0.0,-61.599999999999454,-53.399999999999636,8.199999999999818,-0.008884529956442622,-0.007728601615190844,202303,False,,False,,,12.89433357656918,-1.4346263507756878,18.97215439596262,0.4322123797255637
2023-02-20,202303,6914.4,6918.6,4.200000000000728,2.565467625899283,28.842693255712817,-23.711758003914248,4.200000000000728,0.0,42.599999999999454,62.600000000000364,20.00000000000091,0.006199249105037996,0.009130688448074631,202303,False,,False,,,12.85064145708637,0.12719461355760545,18.817539529369807,1.0628382084058097
2023-02-21,202303,6928.0,6939.6,11.600000000000364,2.577142857142865,28.761133164332342,-23.60684745004662,11.600000000000364,0.0,13.600000000000364,21.0,7.399999999999636,0.0019669096378571727,0.0030352961581823212,202303,False,,False,,,12.851757730663842,0.702071835771482,18.803913089427663,0.39353510967673117
2023-02-22,202303,6959.0,6966.0,7.0,2.64113475177306,28.77566659783006,-23.493397094283942,7.0,0.0,31.0,26.399999999999636,-4.600000000000364,0.004474595842956175,0.0038042538474840626,202303,False,,False,,,12.867619842225738,0.33874681578042165,18.80691158144592,-0.2445909303119457
2023-02-23,202303,6923.6,6942.200000000001,18.600000000000364,2.6718309859155034,28.723796144469652,-23.38013417263865,18.600000000000364,0.0,-35.399999999999636,-23.799999999999272,11.600000000000364,-0.0050869377784164005,-0.0034165948894629983,202303,False,,False,,,12.803884511579268,1.2440106750166426,18.799234349334906,0.61704640648893
2023-02-24,202303,6918.6,6923.8,5.199999999999818,2.783216783216796,28.879614311449423,-23.313180745015828,5.199999999999818,0.0,-5.0,-18.400000000000546,-13.400000000000546,-0.0007221676584435732,-0.0026504566275821206,202303,False,,False,,,12.800912057152427,0.18879773612948617,18.59633709996015,-0.7205720098518359
2023-02-27,202303,6865.0,6877.4,12.399999999999636,2.8000000000000114,28.80811062306955,-23.20811062306953,12.399999999999636,0.0,-53.600000000000364,-46.400000000000546,7.199999999999818,-0.007747232098979651,-0.00670152228545029,202303,False,,False,,,12.78365496810029,0.750958941238245,18.623661608748492,0.3866049626147421
2023-02-28,202303,6921.4,6945.8,24.400000000000546,2.866206896551733,28.83285452908287,-23.1004407359794,24.400000000000546,0.0,56.399999999999636,68.40000000000055,12.00000000000091,0.008215586307356082,0.009945618983918436,202303,False,,False,,,12.732056258344814,1.6913052115470495,18.62070738275923,0.6444438309100768
2023-03-01,202303,6975.4,6980.0,4.600000000000364,3.013698630136999,29.13497155826836,-23.10757429799436,4.600000000000364,0.0,54.0,34.19999999999982,-19.800000000000182,0.007801889791082761,0.004923838866653263,202303,False,,False,,,12.82743965414802,0.12366469167916931,18.65774364653451,-1.061221569719543
2023-03-02,202303,6955.0,6961.6,6.600000000000364,3.0244897959183823,29.057467741832717,-23.008488149995955,6.600000000000364,0.0,-20.399999999999636,-18.399999999999636,2.0,-0.0029245634658944253,-0.0026361031518623568,202303,False,,False,,,12.729283665087497,0.28088856357946557,18.519285170662602,0.10799552906978871
2023-03-03,202303,6942.2,6942.4,0.1999999999998181,3.048648648648666,28.999585994114568,-22.902288696817237,0.1999999999998181,0.0,-12.800000000000182,-19.200000000000728,-6.400000000000546,-0.00184040258806617,-0.0027579866697311495,202303,False,,False,,,12.333389680460996,-0.23097045682111061,17.899762540042225,-0.35754664262632435
2023-03-06,202303,6962.0,6960.6,-1.3999999999996362,3.029530201342298,28.896858058362007,-22.837797655677413,-1.3999999999996362,0.0,19.800000000000182,18.200000000000728,-1.5999999999994543,0.002852121805767549,0.0026215717907351888,202303,False,,False,,,12.284736361629754,-0.3605718568920343,17.384972496005528,-0.09203350769563079
2023-03-07,202303,6868.0,6848.0,-20.0,3.000000000000018,28.790524247087397,-22.79052424708736,-20.0,0.0,-94.0,-112.60000000000036,-18.600000000000364,-0.01350186727951741,-0.01617676637071519,202303,False,,False,,,12.164333358659935,-1.8907735690773422,17.13639920688643,-1.0854088875640673
2023-03-08,202303,6865.8,6874.8,9.0,2.847682119205316,28.82324842743269,-23.12788418902206,9.0,0.0,-2.199999999999818,26.800000000000182,29.0,-0.00032032615026200695,0.003913551401869109,202303,False,,False,,,12.340216097513622,0.49855835847431296,17.226099413683325,1.683491967831338
2023-03-09,202303,6878.0,6880.599999999999,2.5999999999994543,2.88815789473686,28.79679957061453,-23.02048378114081,2.5999999999994543,0.0,12.199999999999818,5.799999999999272,-6.400000000000546,0.0017769233009992114,0.0008436609064990108,202303,False,,False,,,12.31115122336028,-0.023406250927259255,17.47010965372374,-0.366340001686045
2023-03-10,202303,6805.8,6802.0,-3.800000000000182,2.8862745098039357,28.709591786449153,-22.93704276684128,-3.800000000000182,0.0,-72.19999999999982,-78.59999999999945,-6.399999999999636,-0.010497237569060736,-0.011423422375955505,202303,False,,False,,,11.842395335097041,-0.5646049064067432,16.926223274653857,-0.3781115193950741
2023-03-13,202303,6815.6,6830.6,15.0,2.842857142857156,28.60419370079164,-22.91847941507733,15.0,0.0,9.800000000000182,28.600000000000364,18.800000000000182,0.0014399482794087426,0.004204645692443387,202303,False,,False,,,11.81111546319184,1.0292967582130041,16.332653047057452,1.151068350367441
2023-03-14,202303,6773.8,6771.6,-2.199999999999818,2.921290322580658,28.673011859755583,-22.83043121459427,-2.199999999999818,0.0,-41.80000000000018,-59.0,-17.199999999999818,-0.00613298902517756,-0.008637601382016191,202303,False,,False,,,11.868078908134116,-0.4315180546255433,16.405320644673328,-1.0484403427728501
2023-03-15,202303,6801.6,6803.0,1.3999999999996362,2.8884615384615526,28.570075009415213,-22.79315193249211,1.3999999999996362,0.0,27.800000000000182,31.399999999999636,3.5999999999994543,0.004104047949452294,0.004637013408943069,202303,False,,False,,,11.78682092316449,-0.12628184886873625,16.432719762348473,0.21907511672218538
2023-03-16,202303,6707.2,6705.0,-2.199999999999818,2.878980891719757,28.479251641962108,-22.721289858522596,-2.199999999999818,0.0,-94.40000000000055,-98.0,-3.5999999999994543,-0.01387908727358278,-0.014405409378215439,202303,False,,False,,,11.78334709184404,-0.4310304069066285,16.396975700451936,-0.21955268250475182
2023-03-17,202304,6722.2,6730.400000000001,8.200000000000728,2.846835443037987,28.378239069790375,-22.684568183714404,8.200000000000728,0.0,15.0,25.400000000000546,10.400000000000546,0.002236402671755622,0.0037882177479493517,202303,True,,False,,,11.708317685743912,0.45721039526291396,16.364787400594782,0.6355108529929668
2023-03-20,202304,6718.0,6720.2,2.199999999999818,2.880503144654105,28.345142096653035,-22.584135807344826,2.199999999999818,0.0,-4.199999999999818,-10.200000000000728,-6.0000000000009095,-0.0006247954538692868,-0.0015155117080709601,202304,False,,False,,,11.675697803211587,-0.05828372369033941,16.39064268650765,-0.36606252205961104
2023-03-21,202304,6790.8,6794.8,4.0,2.8762500000000157,28.260913200172048,-22.508413200172015,4.0,0.0,72.80000000000018,74.60000000000036,1.800000000000182,0.010836558499553561,0.011100860093449683,202304,False,,False,,,11.636622613911076,0.09657011637178901,16.285665010937816,0.11052665020379958
2023-03-22,202304,6825.0,6828.8,3.800000000000182,2.883229813664612,28.18906151334259,-22.422601886013368,3.800000000000182,0.0,34.19999999999982,34.0,-0.1999999999998181,0.005036225481533707,0.0050038264555247736,202304,False,,False,,,11.479352390842088,0.07986253536976039,16.259716721972346,-0.012300337294901998
2023-03-23,202304,6844.0,6851.2,7.199999999999818,2.8888888888889057,28.116419940923528,-22.33864216314571,7.199999999999818,0.0,19.0,22.399999999999636,3.399999999999636,0.002783882783882863,0.0032802249297094743,202304,False,,False,,,11.457994606563624,0.3762535469026426,16.04930584735108,0.2118471684905178
2023-03-24,202304,6850.8,6856.0,5.199999999999818,2.915337423312899,28.073951124567103,-22.243276277941305,5.199999999999818,0.0,6.800000000000182,4.800000000000182,-2.0,0.0009935710111046436,0.0007006071929005486,202304,False,,False,,,11.390952284132986,0.200568180754241,15.929019829458179,-0.12555700359549551
2023-03-27,202304,6863.0,6861.8,-1.199999999999818,2.9292682926829414,28.013127406251023,-22.154590820885144,-1.199999999999818,0.0,12.199999999999818,5.800000000000182,-6.399999999999636,0.0017808139195423234,0.000845974329054977,202304,False,,False,,,11.237428621361852,-0.3674566870959433,15.613526769497563,-0.4099009848628572
2023-03-28,202304,6822.6,6824.8,2.199999999999818,2.90424242424244,27.919772737163328,-22.111287888678447,2.199999999999818,0.0,-40.399999999999636,-37.0,3.399999999999636,-0.0058866384962843465,-0.005392171150427005,202304,False,,False,,,10.977899561750377,-0.06415092616590978,15.616734225784421,0.21771517340584412
2023-03-29,202304,6803.4,6806.6,3.2000000000007276,2.900000000000014,27.839850063946383,-22.039850063946357,3.2000000000007276,0.0,-19.200000000000728,-18.199999999999818,1.0000000000009095,-0.0028141764136840886,-0.0026667448130347493,202304,False,,False,,,10.942291045906869,0.027416561919446757,15.256393394047548,0.0655462909334175
2023-03-30,202304,6808.6,6819.4,10.799999999999272,2.9017964071856475,27.766456314675494,-21.96286350030421,10.799999999999272,0.0,5.200000000000728,12.799999999999272,7.599999999998545,0.0007643237204928433,0.001880527723092218,202304,False,,False,,,10.382769526012959,0.7607029678377709,15.041346920130376,0.5052738986976752
2023-03-31,202304,6866.0,6872.0,6.0,2.9488095238095378,27.768851532538857,-21.871232484919783,6.0,0.0,57.399999999999636,52.600000000000364,-4.799999999999272,0.008430514349499152,0.007713288559110909,202304,False,,False,,,10.377888498965955,0.29400879345489983,14.448714458212093,-0.3322094857560935
2023-04-03,202304,6944.6,6944.8,0.1999999999998181,2.9668639053254577,27.71737830010983,-21.78365048945891,0.1999999999998181,0.0,78.60000000000036,72.80000000000018,-5.800000000000182,0.011447713370230206,0.010593713620488998,202304,False,,False,,,10.370111675465038,-0.2668113894927329,14.453362825643538,-0.4012906940736082
2023-04-04,202304,6935.4,6946.2,10.800000000000182,2.9505882352941306,27.631417075047437,-21.730240604459176,10.800000000000182,0.0,-9.200000000000728,1.3999999999996362,10.600000000000364,-0.001324770325144775,0.00020158967860850474,202304,False,,False,,,10.375484703293768,0.7565344645743829,14.454263080908648,0.7333476594874603
2023-04-06,202304,6954.4,6956.6,2.2000000000007276,2.996491228070189,27.63388886315142,-21.640906407011045,2.2000000000007276,0.0,19.0,10.400000000000546,-8.599999999999454,0.0027395680133806,0.0014972215024042779,202304,False,,False,,,10.332825011935162,-0.07708358819097938,14.436872545287862,-0.595696884697265
2023-04-07,202304,7025.2,7027.6,2.4000000000005457,2.991860465116297,27.557413585467632,-21.57369265523504,2.4000000000005457,0.0,70.80000000000018,71.0,0.1999999999998181,0.010180605084550765,0.010206135180979237,202304,False,,False,,,10.22546158598548,-0.057881051152441514,14.213789861336052,0.014070842607843278
2023-04-10,202304,6968.0,6971.4,3.399999999999636,2.9884393063584027,27.482642169918385,-21.505763557201583,3.399999999999636,0.0,-57.19999999999982,-56.20000000000073,0.9999999999990905,-0.008142116950407119,-0.007997040241334297,202304,False,,False,,,10.130186712409742,0.04062715775387051,13.916363596772433,0.07185785230784114
2023-04-11,202304,6967.0,6971.200000000001,4.200000000000728,2.9908045977011684,27.414192085006515,-21.43258288960418,4.200000000000728,0.0,-1.0,-0.1999999999989086,0.8000000000010914,-0.00014351320321470684,-2.868864216643008e-05,202304,False,,False,,,10.064857152237655,0.12014034417077907,13.91441008741676,0.057494352615390903
2023-04-12,202304,7001.2,7001.0,-0.1999999999998181,2.9977142857143084,27.351504656388094,-21.356076084959476,-0.1999999999998181,0.0,34.19999999999982,29.799999999999272,-4.400000000000546,0.004908856035596321,0.004274730319026698,202304,False,,False,,,9.094249265165843,-0.35161937972851603,13.550276749941212,-0.3247166151067457
2023-04-13,202304,6970.4,6966.8,-3.5999999999994543,2.9795454545454785,27.26843832522036,-21.3093474161294,-3.5999999999994543,0.0,-30.800000000000182,-34.19999999999982,-3.399999999999636,-0.004399245843569655,-0.004885016426224853,202304,False,,False,,,9.105008944465,-0.7226292137301727,12.82317520048056,-0.26514493850729093
2023-04-14,202304,7005.2,7004.400000000001,-0.7999999999992724,2.942372881355959,27.182353099708784,-21.29760733699687,-0.7999999999992724,0.0,34.80000000000018,37.600000000000364,2.800000000000182,0.004992539882933578,0.005397025894241292,202304,False,,False,,,9.12904654983699,-0.4099412639562075,12.823242786267167,0.21835350438804715
2023-04-17,202304,7005.4,7010.6,5.200000000000728,2.921348314606772,27.09926646362126,-21.256569834407717,5.200000000000728,0.0,0.1999999999998181,6.199999999999818,6.0,2.855021983672046e-05,0.000885157900748057,202304,False,,False,,,9.10393831972145,0.25029296172380866,12.764187748888938,0.4700651634117707
2023-04-18,202304,6985.8,6981.6,-4.199999999999818,2.9340782122905376,27.046391316000697,-21.17823489141962,-4.199999999999818,0.0,-19.599999999999454,-29.0,-9.400000000000546,-0.0027978416650011884,-0.004136593158930779,202304,False,,False,,,8.723360255166261,-0.8178130907829148,12.304983633561669,-0.7639181229272162
2023-04-19,202304,6958.2,6957.4,-0.8000000000001819,2.89444444444448,26.962817463078817,-21.173928574189855,-0.8000000000001819,0.0,-27.600000000000364,-24.200000000000728,3.399999999999636,-0.003950871768444664,-0.003466254153775772,202304,False,,False,,,8.679013117104335,-0.4256756378399479,11.737970674505682,0.2896582462404916
2023-04-20,202304,6947.6,6940.4,-7.200000000000728,2.874033149171305,26.881739298934164,-21.133673000591557,-7.200000000000728,0.0,-10.599999999999454,-17.0,-6.400000000000546,-0.001523382483975655,-0.002443441515508682,202304,False,,False,,,8.679013117104335,-1.160734868497714,11.720688779015736,-0.5460429946283409
2023-04-21,202305,6778.8,6771.799999999999,-7.0000000000009095,2.8186813186813486,26.806512710542226,-21.169150073179527,-7.0000000000009095,0.0,-168.80000000000018,-168.60000000000036,0.1999999999998181,-0.02429615982497557,-0.024292547979943624,202304,True,,False,,,8.643122097712164,-1.1360109469333155,11.592294724069824,0.017252839473149807
2023-04-24,202305,6708.6,6728.2,19.599999999999454,2.7650273224043964,26.73087122936553,-21.200816584556737,19.599999999999454,0.0,-70.19999999999982,-43.599999999999454,26.600000000000364,-0.010355815188528905,-0.006438465400631976,202305,False,,False,,,8.696035088626726,1.9359366085830307,11.558576508770056,2.3013214455791893
2023-04-25,202305,6596.6,6615.8,19.199999999999815,2.8565217391304567,26.885344219899483,-21.17230074163857,19.199999999999818,-3.552713678800501e-15,-112.0,-112.39999999999964,-0.39999999999963975,-0.01669498852219542,-0.01670580541601019,202305,False,,False,,,8.83360777160878,1.850147604854871,11.831527647123462,-0.033807975768614267
2023-04-26,202305,6632.6,6635.8,3.199999999999818,2.9448648648648854,27.02850427892689,-21.138774549197116,3.199999999999818,0.0,36.0,20.0,-15.999999999999996,0.005457356820180115,0.003023065993530638,202305,False,,False,,,8.96736597475832,0.02845151361649527,11.824751305390901,-1.3530939963790698
2023-04-27,202305,6645.2,6651.4,6.199999999999818,2.9462365591398045,26.964725998147195,-21.072252879867584,6.199999999999818,0.0,12.599999999999454,15.599999999999454,3.0,0.0018997075053521773,0.0023508845956778934,202305,False,,False,,,8.940650779648932,0.36392915024333133,11.914740213006523,0.25178895606343993
2023-04-28,202305,6723.2,6740.400000000001,17.200000000000728,2.963636363636382,26.922199484639133,-20.99492675736637,17.200000000000728,0.0,78.0,89.00000000000091,11.00000000000091,0.011737795702160936,0.013380641669423099,202305,False,,False,,,8.926672324437558,1.5948119432356709,11.853206359888503,0.9280189398562348
2023-05-04,202305,6722.2,6727.0,4.800000000000182,3.0393617021276818,27.023843638635334,-20.945120234379974,4.800000000000182,0.0,-1.0,-13.400000000000546,-12.400000000000546,-0.00014873869585907418,-0.0019880125808557914,202305,False,,False,,,9.004868716758814,0.1955207069921858,11.847465568805886,-1.0466373527726867
2023-05-05,202305,6645.4,6655.4,10.0,3.0486772486772717,26.9706568905332,-20.873302393178655,10.0,0.0,-76.80000000000018,-71.60000000000036,5.199999999999818,-0.011424831156466642,-0.010643674743570752,202305,False,,False,,,8.923231737799123,0.7790140338815456,11.774189199818915,0.44164399872899895
2023-05-08,202305,6695.0,6692.8,-2.199999999999818,3.08526315789476,26.965182656860534,-20.79465634107101,-2.199999999999818,0.0,49.600000000000364,37.400000000000546,-12.199999999999818,0.007463809552472389,0.005619496949845315,202305,False,,False,,,8.863020439620588,-0.5963275379878095,11.785088335295077,-1.0352064959464178
2023-05-09,202305,6625.8,6613.4,-12.400000000000546,3.057591623036673,26.88686441806616,-20.771681171992817,-12.400000000000546,0.0,-69.19999999999982,-79.40000000000055,-10.200000000000728,-0.010336071695294935,-0.011863495099211141,202305,False,,False,,,8.881076465830041,-1.7405087865767548,11.753339693014713,-0.8678384413634219
2023-05-10,202305,6613.4,6627.2,13.800000000000182,2.977083333333354,26.848387127882624,-20.894220461215916,13.800000000000182,0.0,-12.400000000000546,13.800000000000182,26.200000000000728,-0.0018714721241209764,0.002086672513381904,202305,False,,False,,,9.016218607587064,1.2003831248678292,11.793780076160903,2.22150996803472
2023-05-11,202305,6620.2,6618.8,-1.3999999999996362,3.0331606217616796,26.89314620258513,-20.826824959061767,-1.3999999999996362,0.0,6.800000000000182,-8.399999999999636,-15.199999999999818,0.0010282154413765454,-0.0012675036214389035,202305,False,,False,,,9.060871588285268,-0.4892642588040774,12.084727652050923,-1.2577858961861004
2023-05-12,202305,6546.0,6538.4,-7.600000000000364,3.010309278350539,26.81691322190482,-20.79629466520374,-7.600000000000364,0.0,-74.19999999999982,-80.40000000000055,-6.200000000000728,-0.011208120600586069,-0.012147217018190659,202305,False,,False,,,9.073348696355598,-1.1693928706402124,12.17996367611648,-0.5090327167525319
2023-05-15,202305,6566.0,6581.0,15.0,2.9558974358974575,26.749642051747816,-20.8378471799529,15.0,0.0,20.0,42.600000000000364,22.600000000000364,0.0030553009471432357,0.0065153554386394585,202305,False,,False,,,9.145190047784812,1.3169876734294788,12.187739989867193,1.8543224600122628
2023-05-16,202305,6513.2,6519.4,6.199999999999818,3.0173469387755314,26.812291896619804,-20.77759801906874,6.199999999999818,0.0,-52.80000000000018,-61.600000000000364,-8.800000000000182,-0.008041425525434076,-0.009360279592767085,202305,False,,False,,,9.127623962013356,0.34868363053403684,12.349884226341647,-0.7125572870740156
2023-05-17,202305,6544.0,6548.8,4.800000000000182,3.0335025380710863,26.772000884423463,-20.70499580828129,4.800000000000182,0.0,30.800000000000182,29.400000000000546,-1.3999999999996362,0.00472885831849168,0.004509617449458547,202305,False,,False,,,9.127544947447698,0.19353478641845034,12.33948397002347,-0.11345693251036115
2023-05-18,202306,6546.8,6563.6,16.800000000000182,3.0424242424242633,26.721927099551294,-20.63707861470277,16.800000000000182,0.0,2.800000000000182,14.800000000000182,12.0,0.00042787286063572516,0.0022599560224774162,202305,True,,False,,,9.089618676092458,1.513548174882312,12.295775081241787,0.9759449827857525
2023-05-19,202306,6586.6,6601.0,14.399999999999636,3.1115577889447454,26.811586948491076,-20.58847137060159,14.399999999999636,0.0,39.80000000000018,37.399999999999636,-2.4000000000005457,0.006079305920449807,0.005698092510207697,202306,False,,False,,,9.171289412887955,1.2308457080409878,12.29688948104733,-0.19517130764650387
2023-05-22,202306,6571.6,6583.6,12.0,3.16800000000002,26.86224805632749,-20.52624805632745,12.0,0.0,-15.0,-17.399999999999636,-2.399999999999636,-0.0022773509853338814,-0.0026359642478411827,202306,False,,False,,,8.964099891717405,0.9852634516222335,12.031950058998085,-0.19946891303831485
2023-05-23,202306,6530.4,6528.8,-1.5999999999994543,3.2119402985074825,26.879695301161956,-20.45581470414699,-1.5999999999994543,0.0,-41.20000000000073,-54.80000000000018,-13.599999999999454,-0.00626940166778267,-0.008323713469834182,202306,False,,False,,,8.873508183055257,-0.5422816093972572,12.014145702866214,-1.1319989232987997
2023-05-24,202306,6515.8,6507.8,-8.0,3.1881188118812105,26.80663397289249,-20.43039634913007,-8.0,0.0,-14.599999999999454,-21.0,-6.400000000000546,-0.002235697660173841,-0.003216517583629508,202306,False,,False,,,8.847044818480523,-1.264616495274268,11.852859519452693,-0.5399540920481665
2023-05-25,202306,6451.8,6485.8,34.0,3.1330049261083968,26.745272616549627,-20.479262764332837,34.0,0.0,-64.0,-22.0,42.0,-0.009822278154639541,-0.0033805587141584326,202306,False,,False,,,8.769215207390927,3.5199267373294796,11.589031909787026,3.6241163478487515
2023-05-26,202306,6536.2,6541.2,5.0,3.284313725490218,27.23164090192079,-20.663013450940355,5.0,0.0,84.39999999999964,55.399999999999636,-29.0,0.013081620633001556,0.008541737333867871,202306,False,,False,,,9.254642078438303,0.18538656168097853,12.290513546322002,-2.35954339016846
2023-05-29,202306,6520.2,6532.6,12.400000000000546,3.2926829268292903,27.18244569635311,-20.59707984269453,12.400000000000546,0.0,-16.0,-8.599999999999454,7.400000000000546,-0.0024479055108472814,-0.001314743472145663,202306,False,,False,,,9.153129618779719,0.9949948763410421,12.611095163074564,0.5867848830185528
2023-05-30,202306,6545.4,6565.6,20.200000000000728,3.3368932038835197,27.20208353406156,-20.52829712629452,20.200000000000728,0.0,25.199999999999818,33.0,7.800000000000182,0.003864912119260211,0.005051587423078097,202306,False,,False,,,9.16227906013337,1.8404925985600509,12.455084394444254,0.6262502728186626
2023-05-31,202306,6546.4,6558.0,11.600000000000364,3.4183574879227336,27.340679290339224,-20.503964314493757,11.600000000000364,0.0,1.0,-7.600000000000364,-8.600000000000364,0.00015277905093658006,-0.0011575484342635223,202306,False,,False,,,9.302936649415141,0.8794687979082385,12.449863087965769,-0.690770648579522
2023-06-01,202306,6566.6,6570.799999999999,4.199999999998909,3.4576923076923376,27.349116472936895,-20.43373185755222,4.199999999998909,0.0,20.200000000000728,12.799999999999272,-7.400000000001455,0.0030856654038862175,0.001951814577614952,202306,False,,False,,,9.30606058632571,0.07976604981460308,12.46616365862562,-0.5936068386910056
2023-06-02,202306,6616.8,6615.4,-1.4000000000005457,3.4612440191387805,27.295388916967152,-20.372900878689588,-1.4000000000005457,0.0,50.19999999999982,44.600000000000364,-5.599999999999454,0.007644747662412854,0.006787605770986804,202306,False,,False,,,9.209941927234475,-0.5278256972244603,12.321492104317954,-0.4544904101376639
2023-06-05,202306,6615.6,6612.599999999999,-3.0000000000009095,3.4380952380952596,27.2246159830498,-20.34842550685928,-3.0000000000009095,0.0,-1.199999999999818,-2.800000000000182,-1.6000000000003638,-0.00018135654697126746,-0.0004232548296400074,202306,False,,False,,,9.227757861556423,-0.6976879253537621,12.258940254427307,-0.1305169914195907
2023-06-06,202306,6486.0,6473.4,-12.600000000000364,3.407582938388643,27.15395223171885,-20.338786354941565,-12.600000000000364,0.0,-129.60000000000036,-139.19999999999982,-9.599999999999454,-0.01959005985851625,-0.021050721350149737,202306,False,,False,,,9.2075285401775,-1.738531992438485,12.220495947878852,-0.7855654992190194
2023-06-07,202306,6469.4,6472.4,3.0,3.3320754716981287,27.12393033935113,-20.45977939595487,3.0,0.0,-16.600000000000364,-1.0,15.600000000000364,-0.0025593586185631567,-0.00015447832669079897,202306,False,,False,,,9.355579332487444,-0.03549491270358744,12.19130340808074,1.2796006692492161
2023-06-08,202306,6432.4,6439.4,7.0,3.330516431924898,27.066235730616448,-20.40520286676665,7.0,0.0,-37.0,-33.0,4.0,-0.005719232077163294,-0.005098572399728107,202306,False,,False,,,9.35095738630038,0.39241795427825166,12.293261519543185,0.3253815103210006
2023-06-09,202306,6481.4,6490.599999999999,9.199999999999818,3.3476635514018844,27.032913346870096,-20.33758624406633,9.199999999999818,0.0,49.0,51.19999999999982,2.199999999999818,0.0076176854673217775,0.007951051340187032,202306,False,,False,,,9.35557415003319,0.6255454079830227,12.29566319209077,0.17892487502544607
2023-06-12,202306,6524.2,6516.2,-8.0,3.374883720930247,27.018208586382915,-20.268441144522424,-8.0,0.0,42.80000000000018,25.600000000000364,-17.199999999999818,0.006603511587002897,0.003944165408436895,202306,False,,False,,,9.260019198444304,-1.2283866239544345,12.215404085403781,-1.4080582091060043
2023-06-13,202306,6542.2,6540.2,-2.0,3.3222222222222366,26.961233468744016,-20.316789024299545,-2.0,0.0,18.0,24.0,6.0,0.002758958952821855,0.00368312820355432,202306,False,,False,,,9.324224126197157,-0.5707951836195171,12.30813330503646,0.48748253299668226
2023-06-14,202306,6568.2,6564.8,-3.399999999999636,3.2976958525345763,26.89299075699104,-20.297599051921885,-3.399999999999636,0.0,26.0,24.600000000000364,-1.3999999999996362,0.003974198281923469,0.00376135286382695,202306,False,,False,,,9.331514108415483,-0.7177501715926248,12.322921731472706,-0.1136094207613151
2023-06-15,202306,6608.6,6605.799999999999,-2.8000000000010914,3.266972477064236,26.825313511438697,-20.291368557310225,-2.8000000000010914,0.0,40.400000000000546,40.99999999999909,0.5999999999985448,0.006150848025334277,0.006245430173043909,202306,False,,False,,,9.322732291219085,-0.6507719290384109,12.31841440013022,0.048707567427850304
2023-06-16,202307,6637.8,6634.2,-3.600000000000364,3.239269406392705,26.75781265962643,-20.279273846841026,-3.600000000000364,0.0,29.199999999999818,28.400000000000546,-0.7999999999992724,0.0044184850043882395,0.004299252172333512,202306,True,,False,,,9.196481320965669,-0.7436832814308284,12.053060468887931,-0.06637318397798464
2023-06-19,202307,6653.8,6653.4,-0.4000000000005457,3.2081818181818273,26.69108350532415,-20.274719868960496,-0.4000000000005457,0.0,16.0,19.199999999999818,3.199999999999818,0.002410437193045789,0.002894094238943712,202307,False,,False,,,9.159253421121445,-0.39393841968187326,11.722563238852272,0.2729778406649161
2023-06-20,202307,6660.0,6655.8,-4.199999999999818,3.191855203619916,26.626353991582775,-20.242643584342943,-4.199999999999818,0.0,6.199999999999818,2.4000000000005457,-3.7999999999992724,0.0009317983708556632,0.00036071782847879597,202307,False,,False,,,9.13794862376161,-0.8089184463566068,11.72140302561475,-0.32419327205925286
2023-06-21,202307,6545.4,6535.0,-10.399999999999636,3.158558558558566,26.561021490681625,-20.243904373564497,-10.399999999999636,0.0,-114.60000000000036,-120.80000000000018,-6.199999999999818,-0.017207207207207253,-0.018149583821629234,202307,False,,False,,,9.112822578846627,-1.4878549912769456,11.723766071919577,-0.5288403028485767
2023-06-26,202307,6419.8,6431.6,11.800000000000182,3.097757847533641,26.51795736773839,-20.32244167267111,11.800000000000182,0.0,-125.59999999999945,-103.39999999999964,22.199999999999818,-0.019189048797628838,-0.01582249426166793,202307,False,,False,,,9.200847347891026,0.9458087742822108,11.60741038119947,1.9125713032389353
2023-06-27,202307,6484.0,6483.2,-0.8000000000001819,3.1366071428571525,26.533153521482227,-20.259939235767924,-0.8000000000001819,0.0,64.19999999999982,51.599999999999454,-12.600000000000364,0.010000311536184858,0.008022886995459722,202307,False,,False,,,9.15699633166811,-0.42990157473834123,11.81107167624579,-1.066795659647147
2023-06-28,202307,6454.8,6470.799999999999,15.99999999999909,3.11911111111112,26.46927470117071,-20.23105247894847,15.99999999999909,0.0,-29.199999999999818,-12.400000000000546,16.799999999999272,-0.004503392967304065,-0.0019126357354394274,202307,False,,False,,,9.16600901222133,1.4052886999907455,11.792765459031173,1.4246022324757968
2023-06-29,202307,6497.4,6491.8,-5.599999999999454,3.1761061946902704,26.537259504672047,-20.185047115291507,-5.599999999999454,0.0,42.599999999999454,21.00000000000091,-21.599999999998545,0.006599739728573972,0.003245348334054654,202307,False,,False,,,9.244463480943946,-0.9493364555747699,11.912180168367067,-1.8132700894969331
2023-06-30,202307,6574.8,6576.4,1.5999999999994543,3.137444933920712,26.47595112253827,-20.20106125469685,1.5999999999994543,0.0,77.40000000000055,84.59999999999945,7.199999999998909,0.011912457290608636,0.013031824763547695,202307,False,,False,,,9.268417318828531,-0.1658799858739616,12.07577740768687,0.5962349053747652
2023-07-03,202307,6586.6,6587.0,0.3999999999996362,3.13070175438597,26.41863517397927,-20.157231665207327,0.3999999999996362,0.0,11.800000000000182,10.600000000000364,-1.199999999999818,0.001794731398673699,0.0016118240982909704,202307,False,,False,,,9.232502095829501,-0.2957704992690816,12.001538453570266,-0.09998718119699374
2023-07-04,202307,6605.8,6612.4,6.599999999999454,3.1187772925764223,26.358387028120365,-20.12083244296752,6.599999999999454,0.0,19.199999999999818,25.399999999999636,6.199999999999818,0.0029150092612273415,0.003856080157886632,202307,False,,False,,,9.237477245362342,0.37685859623316237,11.98281918229413,0.517407456933087
2023-07-05,202307,6567.8,6567.6,-0.1999999999998181,3.1339130434782616,26.32726982396433,-20.059443737007804,-0.1999999999998181,0.0,-38.0,-44.79999999999927,-6.799999999999272,-0.005752520512277037,-0.006775149718710183,202307,False,,False,,,9.20667544378935,-0.3621191019313138,11.960055403405361,-0.568559239120508
2023-07-06,202307,6541.6,6539.6,-2.0,3.119480519480521,26.266519897322112,-20.02755885836107,-2.0,0.0,-26.199999999999818,-28.0,-1.800000000000182,-0.00398915923140164,-0.0042633534319994615,202307,False,,False,,,9.07821790904149,-0.5639301205120614,11.953680976539795,-0.1505812312987814
2023-07-07,202307,6510.6,6516.6,6.0,3.09741379310345,26.20407723048108,-20.00924964427418,6.0,0.0,-31.0,-23.0,8.0,-0.004738901797725292,-0.00351703468102027,202307,False,,False,,,9.079434859821319,0.31968798187442166,11.765297199043413,0.6799658236130615
2023-07-10,202307,6511.0,6520.0,9.0,3.109871244635195,26.16981834514334,-19.950075855872953,9.0,0.0,0.3999999999996362,3.399999999999636,3.0,6.143826989823964e-05,0.0005217444679741501,202307,False,,False,,,9.061022084297246,0.6500512525592891,11.734906747121466,0.2556475364182924
2023-07-11,202307,6568.2,6573.4,5.199999999999818,3.135042735042737,26.15833478497995,-19.888249314894473,5.199999999999818,0.0,57.19999999999982,53.399999999999636,-3.800000000000182,0.008785132852096478,0.008190184049079674,202307,False,,False,,,9.051376590431945,0.22813737162808057,11.738678362446525,-0.3237161699699388
2023-07-12,202307,6492.8,6486.0,-6.800000000000182,3.1438297872340435,26.119453641822865,-19.831794067354775,-6.800000000000182,0.0,-75.39999999999964,-87.39999999999964,-12.0,-0.011479552997777143,-0.013296011196640922,202307,False,,False,,,9.05230123094447,-1.0984863995955134,11.730421642856346,-1.0229811310583046
2023-07-13,202307,6549.0,6547.2,-1.800000000000182,3.1016949152542375,26.06490298012114,-19.861513149612662,-1.800000000000182,0.0,56.19999999999982,61.19999999999982,5.0,0.00865574174470174,0.009435707678075778,202307,False,,False,,,9.10209211160171,-0.5385239849426068,11.788036907874643,0.4241588348489052
2023-07-14,202307,6549.4,6542.8,-6.599999999999454,3.081012658227847,26.00436488334206,-19.842339566886363,-6.599999999999454,0.0,0.3999999999996362,-4.399999999999636,-4.799999999999272,6.107802717969513e-05,-0.0006720430107526321,202307,False,,False,,,9.116338756498335,-1.0619408642890167,11.788825217128323,-0.40716525282139343
2023-07-17,202307,6504.0,6516.400000000001,12.400000000000546,3.040336134453783,25.949679675617936,-19.869007406710377,12.400000000000546,0.0,-45.399999999999636,-26.399999999999636,19.0,-0.0069319326961247985,-0.004034969737726879,202307,False,,False,,,8.747886093857892,1.0699343550115972,11.495230631558814,1.6528593996050605
2023-07-18,202307,6516.8,6516.2,-0.6000000000003638,3.0794979079497944,25.972706155404563,-19.813710339504976,-0.6000000000003638,0.0,12.800000000000182,-0.2000000000007276,-13.00000000000091,0.0019680196801967753,-3.0691793014625546e-05,202307,False,,False,,,8.571809799122027,-0.4292556641103998,11.621439435175633,-1.1186221872526967
2023-07-19,202307,6491.0,6496.6,5.600000000000364,3.064166666666669,25.914368988847073,-19.786035655513736,5.600000000000364,0.0,-25.800000000000182,-19.599999999999454,6.200000000000728,-0.003958998281365145,-0.003007888032902528,202307,False,,False,,,8.582945504624549,0.2954502428061987,11.523997622879047,0.5380077472153953
2023-07-20,202308,6423.6,6418.599999999999,-5.0000000000009095,3.0746887966805017,25.879577015970973,-19.73019942260997,-5.0000000000009095,0.0,-67.39999999999964,-78.00000000000091,-10.600000000001273,-0.010383608072715989,-0.01200628020810901,202307,True,,False,,,8.548388943851041,-0.9445860324932491,11.516786167866645,-0.920395659474574
2023-07-21,202308,6408.0,6415.2,7.199999999999818,3.041322314049587,25.822513790640713,-19.739869162541535,7.199999999999818,0.0,-15.600000000000364,-3.399999999999636,12.200000000000728,-0.002428544741266636,-0.0005297105287757065,202308,False,,False,,,8.58554364009414,0.4843814044027887,11.556239296010954,1.0557067647614384
2023-07-24,202308,6397.2,6396.8,-0.3999999999996362,3.0584362139917687,25.798770717212545,-19.681898289229007,-0.3999999999996362,0.0,-10.800000000000182,-18.399999999999636,-7.599999999999454,-0.0016853932584269815,-0.0028681880533731885,202308,False,,False,,,8.458651419604962,-0.40886378246722,11.562539827941285,-0.6572950331927754
2023-07-25,202308,6496.4,6494.400000000001,-1.9999999999990905,3.044262295081968,25.742077482344317,-19.653552892180382,-1.9999999999990905,0.0,99.19999999999982,97.60000000000036,-1.5999999999994543,0.01550678421809537,0.015257628814407287,202308,False,,False,,,8.465496459336068,-0.5958613672938291,11.50964742459059,-0.1390138151913344
2023-07-26,202308,6460.4,6467.4,7.0,3.0236734693877594,25.68409708105689,-19.63675014228137,7.0,0.0,-36.0,-27.00000000000091,8.99999999999909,-0.005541530693922825,-0.004157427937915847,202308,False,,False,,,8.433201340445157,0.4715085493740086,11.487228920972596,0.7834787712437337
2023-07-27,202308,6416.0,6420.599999999999,4.599999999999454,3.0398373983739884,25.659651574516175,-19.5799767777682,4.599999999999454,0.0,-44.399999999999636,-46.80000000000018,-2.4000000000005457,-0.006872639465048569,-0.007236292791539145,202308,False,,False,,,8.167780752704088,0.1910142606495585,11.459076240379451,-0.20944096623979466
2023-07-28,202308,6475.8,6473.2,-2.600000000000364,3.046153846153848,25.620819063905422,-19.528511371597723,-2.600000000000364,0.0,59.80000000000018,52.600000000000364,-7.199999999999818,0.009320448877805587,0.008192380774382446,202308,False,,False,,,8.167780752704086,-0.6912714747252433,11.288896842437373,-0.6377948262343475
2023-07-31,202308,6518.6,6522.599999999999,3.9999999999990905,3.0233870967741945,25.56371689216187,-19.516942698613484,3.9999999999990905,0.0,42.80000000000018,49.399999999999636,6.599999999999454,0.006609222026622286,0.007631465117716063,202308,False,,False,,,8.179513951626307,0.11939742495710509,11.309901624128976,0.5835594525348269
2023-08-01,202308,6509.0,6515.0,6.0,3.0273092369477883,25.52248947240332,-19.467870998507745,6.0,0.0,-9.600000000000364,-7.599999999999454,2.0000000000009095,-0.0014727088638665231,-0.0011651795296353518,202308,False,,False,,,8.175265973494357,0.3636200672479887,11.31137605611398,0.17681314723153221
2023-08-02,202308,6486.0,6495.8,9.800000000000182,3.039199999999997,25.49231253456776,-19.413912534567764,9.800000000000182,0.0,-23.0,-19.199999999999818,3.800000000000182,-0.0035335689045936647,-0.0029470452801227953,202308,False,,False,,,8.16830509229479,0.827687007721796,11.311838975608762,0.3359312317116572
2023-08-03,202308,6488.8,6496.0,7.199999999999818,3.066135458167329,25.49054435611411,-19.358273439779456,7.199999999999818,0.0,2.800000000000182,0.1999999999998181,-2.600000000000364,0.000431699044094902,3.07891252808723e-05,202308,False,,False,,,7.854689392620591,0.5262925540653737,11.159070052851392,-0.23299432548467652
2023-08-04,202308,6541.2,6534.6,-6.599999999999454,3.0825396825396796,25.468293253547458,-19.303213888468097,-6.599999999999454,0.0,52.399999999999636,38.600000000000364,-13.799999999999272,0.00807545308839841,0.0059421182266010675,202308,False,,False,,,7.843772283561308,-1.2344238629710664,10.7790329582552,-1.280263271616629
2023-08-07,202308,6509.4,6517.0,7.600000000000364,2.973015873015872,25.27664197233602,-19.330610226304277,7.600000000000364,0.0,-31.800000000000182,-17.600000000000364,14.199999999999818,-0.0048614933039810015,-0.0026933553698773594,202308,False,,False,,,7.906690939714442,0.5851985567999957,10.848466632793242,1.3089407453285065
2023-08-08,202308,6482.0,6485.8,3.800000000000182,3.0349206349206392,25.302805321637585,-19.23296405179631,3.800000000000182,0.0,-27.399999999999636,-31.199999999999818,-3.800000000000182,-0.004209297323869987,-0.004787478901334907,202308,False,,False,,,7.885647363624319,0.0970217573523228,10.922805537410289,-0.3478959674769722
2023-08-09,202308,6433.4,6437.8,4.400000000000546,3.006349206349211,25.25165663622579,-19.23895822352737,4.400000000000546,0.0,-48.600000000000364,-48.0,0.6000000000003638,-0.007497685899413797,-0.007400783249560616,202308,False,,False,,,7.798281084879456,0.1787125622277922,10.76493822320848,0.05573650192499984
2023-08-10,202308,6425.8,6426.2,0.3999999999996362,3.0095238095238153,25.255399793457283,-19.23635217440965,0.3999999999996362,0.0,-7.599999999999454,-11.600000000000364,-4.0000000000009095,-0.0011813349084464075,-0.0018018577775016364,202308,False,,False,,,7.779270823506237,-0.3354458108900272,10.625794991054516,-0.37644242180169757
2023-08-11,202308,6319.2,6306.0,-13.199999999999818,3.008730158730162,25.2549656318952,-19.237505314434873,-13.199999999999818,0.0,-106.60000000000036,-120.19999999999982,-13.599999999999454,-0.016589374085717035,-0.018704677725560948,202308,False,,False,,,7.782450082906421,-2.082728444905964,10.627442084176485,-1.2797058682868665
2023-08-14,202308,6310.2,6324.4,14.199999999999818,2.9555555555555597,25.292626460424056,-19.381515349312934,14.199999999999818,0.0,-9.0,18.399999999999636,27.399999999999636,-0.0014242309153057464,0.0029178560101490447,202308,False,,False,,,7.937791209960748,1.416570951165124,10.708304150414193,2.5587618370869505
2023-08-15,202308,6255.0,6273.0,18.0,2.9865079365079414,25.36432639577172,-19.39131052275584,18.0,0.0,-55.19999999999982,-51.399999999999636,3.800000000000182,-0.008747741751449989,-0.008127253178167093,202308,False,,False,,,7.9981540799655395,1.8771196345290644,11.007600679860825,0.34521601123781204
2023-08-16,202308,6204.4,6190.0,-14.399999999999636,3.20634920634921,25.073485071308188,-18.66078665860977,-14.399999999999636,0.0,-50.600000000000364,-83.0,-32.399999999999636,-0.00808952837729826,-0.013231308783676066,202308,False,,False,,,8.131277435143474,-2.165262389185493,10.996722927832401,-2.946332303962677
2023-08-17,202309,6255.2,6265.2,10.0,3.286507936507943,24.741292830613503,-18.16827695759762,10.0,0.0,50.80000000000018,75.19999999999982,24.399999999999636,0.00818773773451098,0.01214862681744755,202308,True,,False,,,8.324636431530948,0.8064606927533299,11.466902041276965,2.1278632984015995
2023-08-18,202309,6151.2,6138.2,-13.0,3.219047619047626,24.480429317702985,-18.042334079607738,-13.0,0.0,-104.0,-127.0,-23.0,-0.016626167029031858,-0.02027070165357847,202309,False,,False,,,8.35168282806565,-1.9420095270552977,11.727467369772988,-1.961207759083726
2023-08-21,202309,6074.2,6062.2,-12.0,3.077777777777783,24.29504337566027,-18.13948782010471,-12.0,0.0,-77.0,-76.0,1.0,-0.012517882689556559,-0.012381479912678017,202309,False,,False,,,8.500101960172827,-1.773834931442542,11.946665821157946,0.08370536306698781
2023-08-22,202309,6070.6,6088.8,18.199999999999815,3.034920634920643,24.33037315377254,-18.260531883931257,18.199999999999818,-3.552713678800501e-15,-3.5999999999994543,26.600000000000364,30.199999999999815,-0.0005926706397549886,0.0043878459965029926,202309,False,,False,,,8.63076854379529,1.7570948969523041,11.945871862089172,2.5280699766955514
2023-08-23,202309,5985.2,5976.799999999999,-8.400000000000546,3.0944444444444525,24.475432470251864,-18.28654358136296,-8.400000000000546,0.0,-85.40000000000055,-112.00000000000091,-26.60000000000036,-0.014067802194181911,-0.01839442911575362,202309,False,,False,,,8.753567815179709,-1.3131153704564085,12.30831057013546,-2.161141437602481
2023-08-24,202309,5993.0,5981.2,-11.800000000000182,3.0222222222222275,24.435177884812575,-18.390733440368116,-11.800000000000182,0.0,7.800000000000182,4.400000000000546,-3.399999999999636,0.0013032145960034658,0.0007361798955964893,202309,False,,False,,,8.829042067992683,-1.6788029899592833,12.591722629881831,-0.2700186543127137
2023-08-25,202309,5878.4,5891.4,13.0,2.9865079365079414,24.46837247419849,-18.495356601182607,13.0,0.0,-114.60000000000036,-89.80000000000018,24.800000000000182,-0.019122309360921186,-0.015013709623486915,202309,False,,False,,,8.952916346705795,1.1184614795576082,12.595505852357302,1.968956252388923
2023-08-28,202309,5921.2,5909.6,-11.599999999999454,3.073015873015879,24.539838790771046,-18.393807044739287,-11.599999999999454,0.0,42.80000000000018,18.200000000000728,-24.599999999999454,0.0072808927599345985,0.003089248735445027,202309,False,,False,,,8.975215255852628,-1.634837210555729,12.817881922131154,-1.9191938379090137
2023-08-29,202309,6102.0,6104.8,2.800000000000182,3.014285714285719,24.56054783783914,-18.531976409267703,2.800000000000182,0.0,180.80000000000018,195.19999999999982,14.399999999999636,0.03053435114503822,0.03303100040611873,202309,False,,False,,,9.086008780292712,-0.023584141229349976,13.044052168313971,1.103951426611086
2023-08-30,202309,6139.6,6133.0,-6.600000000000364,3.013492063492069,24.559771034159414,-18.532786907175275,-6.600000000000364,0.0,37.600000000000364,28.199999999999818,-9.400000000000546,0.006161914126515899,0.004619315948106273,202309,False,,False,,,9.082386328170703,-1.0584764527880088,13.112309121777516,-0.7168836482346653
2023-08-31,202309,6106.2,6108.2,2.0,2.9738095238095297,24.554037726693835,-18.60641867907478,2.0,0.0,-33.400000000000546,-24.800000000000182,8.600000000000364,-0.005440093817186908,-0.004043698027066722,202309,False,,False,,,9.093583929720415,-0.10708753900943759,13.101920747460145,0.6563923081024212
2023-09-01,202309,6097.6,6106.400000000001,8.800000000000182,2.9738095238095297,24.554037726693835,-18.60641867907478,8.800000000000182,0.0,-8.599999999999454,-1.7999999999992724,6.800000000000182,-0.0014084045724017669,-0.0002946858321599688,202309,False,,False,,,9.09369300808276,0.6406847549188378,13.103087615157907,0.5189616523767886
2023-09-04,202309,6180.6,6196.8,16.199999999999818,3.0682539682539747,24.54063260525219,-18.40412466874424,16.199999999999818,0.0,83.0,90.39999999999964,7.399999999999636,0.013611912883757515,0.014804139918773718,202309,False,,False,,,9.114838828453722,1.4406997511302748,13.12072552810392,0.5639932017592485
2023-09-05,202309,6154.6,6164.200000000001,9.600000000000364,3.151587301587308,24.66429617955524,-18.361121576380626,9.600000000000364,0.0,-26.0,-32.599999999999454,-6.599999999999454,-0.004206711322525369,-0.0052607797572939985,202309,False,,False,,,9.214748608572707,0.6997925795190917,13.140930582179331,-0.5022475355702618
2023-09-06,202309,6187.0,6180.0,-7.0,3.14126984126985,24.63903987058875,-18.35650018804905,-7.0,0.0,32.399999999999636,15.799999999999272,-16.600000000000364,0.005264355116498143,0.0025631874371367935,202309,False,,False,,,9.238932991871064,-1.0976667814554681,13.157932814830577,-1.2615963490321338
2023-09-07,202309,6083.0,6075.799999999999,-7.200000000000728,3.143650793650804,24.636775735854897,-18.34947414855329,-7.200000000000728,0.0,-104.0,-104.20000000000073,-0.2000000000007276,-0.016809439146597716,-0.01686084142394839,202309,False,,False,,,9.286406705230515,-1.113848566187127,13.255842089243103,-0.015087687274354625
2023-09-08,202309,6092.0,6081.4,-10.600000000000364,2.985714285714295,24.19259453865604,-18.221165967227453,-10.600000000000364,0.0,9.0,5.600000000000364,-3.399999999999636,0.0014795331251027388,0.0009216893248626956,202309,False,,False,,,9.318265759661385,-1.4579659602033446,13.25157905589922,-0.25657319672300144
2023-09-11,202309,6167.6,6163.0,-4.600000000000364,2.915079365079374,24.184072826059943,-18.353914095901196,-4.600000000000364,0.0,75.60000000000036,81.60000000000036,6.0,0.012409717662508202,0.013417962969053177,202309,False,,False,,,9.406898607625285,-0.7988902271135325,13.252680155845107,0.4527386105635164
2023-09-12,202309,6175.2,6173.0,-2.199999999999818,2.895238095238104,24.18297441690063,-18.392498226424426,-2.199999999999818,0.0,7.599999999999454,10.0,2.4000000000005457,0.0012322459303455435,0.0016225864027259451,202309,False,,False,,,9.430913277754513,-0.5402698492898337,13.252680155845107,0.18109544422544774
2023-09-13,202309,6070.8,6087.4,16.599999999999454,2.866666666666676,24.162383835175454,-18.429050501842102,16.599999999999454,0.0,-104.39999999999964,-85.60000000000036,18.799999999999272,-0.016906335017489282,-0.013866839462174041,202309,False,,False,,,9.418596691459125,1.4581082281383062,13.221515981478227,1.4219246889945025
2023-09-14,202309,6059.8,6036.4,-23.400000000000546,3.000000000000007,24.21678655858408,-18.216786558584065,-23.400000000000546,0.0,-11.0,-51.0,-40.0,-0.001811952296237762,-0.008377961034267467,202309,False,,False,,,9.51619035054889,-2.7742194121282804,13.350342332840738,-2.9961778509307067
2023-09-15,202310,6044.6,6073.0,28.399999999999636,2.885714285714289,24.35929615436821,-18.587867582939623,28.399999999999636,0.0,-15.199999999999818,36.600000000000364,51.80000000000018,-0.0025083336083698837,0.006063216486647649,202309,True,,False,,,9.819984570746437,2.598200183561587,13.92779924895498,3.7191805449010045
2023-09-18,202310,6089.2,6085.0,-4.199999999999818,2.9492063492063485,24.629384323391704,-18.73097162497901,-4.199999999999818,0.0,44.599999999999454,12.0,-32.599999999999454,0.007378486583065724,0.0019759591635106766,202310,False,,False,,,10.105499852690517,-0.7074569742636473,14.865616350994285,-2.1929800440342326
2023-09-19,202310,6032.0,6039.8,7.800000000000182,2.8809523809523774,24.54234829283799,-18.780443530933237,7.800000000000182,0.0,-57.19999999999982,-45.19999999999982,12.0,-0.009393680614859012,-0.007428101889893179,202310,False,,False,,,9.988323688237733,0.49247979666903297,14.988121761561471,0.8006340081100217
2023-09-20,202310,5990.8,5992.0,1.199999999999818,2.857936507936507,24.48589323028581,-18.770020214412796,1.199999999999818,0.0,-41.19999999999982,-47.80000000000018,-6.600000000000364,-0.00683023872679045,-0.00791416934335576,202310,False,,False,,,9.862176496723542,-0.16811061011608303,15.037978990582834,-0.43888876318642633
2023-09-21,202310,5946.4,5946.0,-0.3999999999996362,2.865079365079365,24.489638480742727,-18.759479750584,-0.3999999999996362,0.0,-44.400000000000546,-46.0,-1.5999999999994543,-0.007411364091607253,-0.007676902536715602,202310,False,,False,,,9.862913905488158,-0.3310461184561459,14.966886007706327,-0.1069026649348186
2023-09-22,202310,6052.2,6068.6,16.400000000000546,2.8698412698412725,24.490979957381136,-18.751297417698588,16.400000000000546,0.0,105.80000000000018,122.60000000000036,16.800000000000182,0.017792277680613422,0.020618903464514116,202310,False,,False,,,9.860324743151464,1.372181858366958,14.964579188972502,1.122651013961035
2023-09-25,202310,6026.6,6033.200000000001,6.600000000000364,2.9349206349206365,24.62000196208986,-18.750160692248585,6.600000000000364,0.0,-25.599999999999454,-35.399999999999636,-9.800000000000182,-0.004229866825286588,-0.005833305869557992,202310,False,,False,,,9.848582116069835,0.37214284471461667,15.019042996318074,-0.6525049567008135
2023-09-26,202310,6010.8,6014.0,3.199999999999818,2.944444444444448,24.633864716746913,-18.74497582785802,3.199999999999818,0.0,-15.800000000000182,-19.200000000000728,-3.4000000000005457,-0.0026217104171506467,-0.0031823907710668564,202310,False,,False,,,9.854515654656991,0.0259328377477995,14.999611981513322,-0.22667253020884592
2023-09-27,202310,6059.4,6052.2,-7.199999999999818,2.9619047619047643,24.64500971506573,-18.721200191256195,-7.199999999999818,0.0,48.599999999999454,38.19999999999982,-10.399999999999636,0.008085446196845592,0.006351845693381986,202310,False,,False,,,9.825617106072901,-1.0342256015272397,14.994253983618224,-0.6935990287587512
2023-09-28,202310,6070.0,6078.4,8.399999999999636,2.838095238095241,24.394711802403982,-18.718521326213494,8.399999999999636,0.0,10.600000000000364,26.199999999999818,15.599999999999454,0.0017493481202759398,0.0043290043290042934,202310,False,,False,,,9.862049697827786,0.5639704658078797,14.98061710641078,1.0413456194220208
2023-10-09,202310,6058.2,6059.8,1.6000000000003638,2.8619047619047646,24.429829258782533,-18.706019734973005,1.6000000000003638,0.0,-11.800000000000182,-18.599999999999454,-6.799999999999272,-0.0019439868204284005,-0.0030600157936298,202310,False,,False,,,9.7661414689692,-0.12921221404727334,15.026143412685238,-0.4525445959911867
2023-10-10,202310,6037.4,6038.2,0.8000000000001819,2.8325396825396867,24.387048801058096,-18.721969435978725,0.8000000000001819,0.0,-20.800000000000182,-21.600000000000364,-0.8000000000001819,-0.0034333630451289787,-0.0035644740750520043,202310,False,,False,,,9.70059646192812,-0.20952728943179966,14.810367512610329,-0.054016215284260816
2023-10-11,202310,6041.8,6041.6,-0.1999999999998181,2.7722222222222235,24.2637328432511,-18.719288398806658,-0.1999999999998181,0.0,4.400000000000546,3.4000000000005457,-1.0,0.0007287905389739002,0.000563081713093494,202310,False,,False,,,9.694241964832935,-0.3065966615032043,14.732082628937981,-0.06787906538317379
2023-10-12,202310,6089.8,6093.6,3.800000000000182,2.825396825396829,24.220320250630117,-18.569526599836458,3.800000000000182,0.0,48.0,52.0,4.0,0.007944652255950313,0.008606991525423657,202310,False,,False,,,9.644605756692224,0.10105163437365935,14.719070430683859,0.27175629186891237
2023-10-13,202310,6076.6,6081.599999999999,4.9999999999990905,2.8571428571428608,24.233936001698876,-18.519650287413153,4.9999999999990905,0.0,-13.199999999999818,-12.00000000000091,1.1999999999989086,-0.0021675588689283876,-0.001969279243796973,202310,False,,False,,,9.5633498632049,0.22406972175104642,14.54806925993675,0.08248517233166691
2023-10-16,202310,6010.8,6017.0,6.199999999999818,2.9238095238095245,24.221673226363055,-18.374054178744007,6.199999999999818,0.0,-65.80000000000018,-64.59999999999945,1.2000000000007276,-0.010828423789619235,-0.010622204682978031,202310,False,,False,,,9.559343834461396,0.3427212717654992,14.522092400090457,0.08263272033672316
2023-10-17,202310,5995.0,6004.8,9.800000000000182,2.992063492063492,24.220858537365693,-18.236731553238712,9.800000000000182,0.0,-15.800000000000182,-12.199999999999818,3.600000000000364,-0.0026286018500033537,-0.0020275884992521087,202310,False,,False,,,9.56386803114578,0.7118392355233156,14.521909744460608,0.24790127905688067
2023-10-18,202310,5908.8,5898.8,-10.0,2.9547619047619027,24.102063272804777,-18.19253946328097,-10.0,0.0,-86.19999999999982,-106.0,-19.800000000000182,-0.014378648874061706,-0.017652544630961886,202310,False,,False,,,9.483037275029371,-1.3660983848364951,14.476100122183187,-1.3677716949234584
2023-10-19,202311,5841.6,5834.8,-6.800000000000182,3.026190476190474,23.873068061705652,-17.8206871093247,-6.800000000000182,0.0,-67.19999999999982,-64.0,3.199999999999818,-0.011372867587327362,-0.010849664338509535,202310,True,,False,,,9.48449260635489,-1.0360270057680068,14.608357370029749,0.21905269147952816
2023-10-20,202311,5758.0,5772.2,14.199999999999818,2.939682539682537,23.767936096061625,-17.888571016696552,14.199999999999818,0.0,-83.60000000000036,-62.600000000000364,21.0,-0.014311147630786114,-0.010728731061904528,202311,False,,False,,,9.473273622740647,1.1886405807266904,14.610742415749836,1.4372986260686371
2023-10-23,202311,5603.8,5610.2,6.399999999999636,3.052380952380948,23.81542986966412,-17.710667964902225,6.399999999999636,0.0,-154.19999999999982,-162.0,-7.800000000000182,-0.026780131990274403,-0.028065555594054215,202311,False,,False,,,9.545022712694779,0.3507188142325099,14.699338128437585,-0.530636136936681
2023-10-24,202311,5690.4,5684.6,-5.799999999999272,3.10873015873015,23.830534135657036,-17.613073818196735,-5.799999999999272,0.0,86.59999999999945,74.40000000000055,-12.199999999998909,0.015453799207680419,0.013261559302698789,202311,False,,False,,,9.49956383900407,-0.937804125506399,14.706312257055393,-0.8295757486140637
2023-10-25,202311,5749.8,5740.6,-9.199999999999818,3.1111111111111076,23.828664878047043,-17.60644265582483,-9.199999999999818,0.0,59.400000000000546,56.0,-3.4000000000005457,0.010438633487979798,0.009851176863807432,202311,False,,False,,,8.97508898129833,-1.3716979449188713,14.135834398485692,-0.24052347418308553
2023-10-26,202311,5774.4,5785.8,11.400000000000546,2.927777777777775,23.25498387350717,-17.399428317951624,11.400000000000546,0.0,24.599999999999454,45.19999999999982,20.600000000000364,0.004278409683815099,0.007873741420757474,202311,False,,False,,,9.036868144362085,0.9375175212120821,13.841360796065752,1.4882929723106184
2023-10-27,202311,5913.4,5907.4,-6.0,3.003968253968254,23.31361741665674,-17.305680908720234,-6.0,0.0,139.0,121.59999999999945,-17.400000000000546,0.0240717650318647,0.021016972588060234,202311,False,,False,,,9.02546319357551,-0.997618411471385,13.976296672826676,-1.2449649865998038
2023-10-30,202311,5986.2,5976.6,-9.599999999999454,2.9682539682539684,23.30955927792214,-17.373051341414204,-9.599999999999454,0.0,72.80000000000018,69.20000000000073,-3.5999999999994543,0.01231102242364801,0.011714121271625633,202311,False,,False,,,8.861738434461275,-1.4182605434818925,14.06098391603042,-0.2560276024421893
2023-10-31,202311,5937.2,5945.8,8.600000000000364,2.97539682539683,23.29769531992443,-17.346901669130773,8.600000000000364,0.0,-49.0,-30.800000000000182,18.199999999999818,-0.008185493301259616,-0.005153431717029755,202311,False,,False,,,8.869709206853473,0.6341361417189978,14.039909061836683,1.2963046925617991
2023-11-01,202311,5933.6,5940.4,6.799999999999272,3.0095238095238153,23.34063832437647,-17.321590705328838,6.799999999999272,0.0,-3.5999999999994543,-5.400000000000546,-1.8000000000010914,-0.0006063464259246087,-0.000908204110464661,202311,False,,False,,,8.895497442384812,0.42611177340288914,14.140552187294993,-0.1272934731373755
2023-11-02,202311,5883.0,5880.8,-2.199999999999818,3.079365079365083,23.34076940270825,-17.182039243978085,-2.199999999999818,0.0,-50.600000000000364,-59.599999999999454,-8.99999999999909,-0.0085277066199273,-0.010032994411150686,202311,False,,False,,,8.908439988589636,-0.5926250932965781,14.130334015653577,-0.6369276189811858
2023-11-03,202311,5967.4,5962.0,-5.399999999999636,3.094444444444449,23.334356976821766,-17.14546808793287,-5.399999999999636,0.0,84.39999999999964,81.19999999999982,-3.199999999999818,0.014346421893591588,0.01380764521833755,202311,False,,False,,,8.904852609672986,-0.9539118519734856,14.158580080607901,-0.2260113642597998
2023-11-06,202311,6076.2,6086.8,10.600000000000364,3.019841269841277,23.245792330623612,-17.20610979094106,10.600000000000364,0.0,108.80000000000018,124.80000000000018,16.0,0.01823239601836657,0.020932572962093277,202311,False,,False,,,8.81955471974323,0.859471818139564,14.129145177056555,1.1324110411138963
2023-11-07,202311,6107.0,6096.2,-10.800000000000182,2.9722222222222294,23.069137033931373,-17.124692589486916,-10.800000000000182,0.0,30.800000000000182,9.399999999999636,-21.400000000000546,0.0050689575721667435,0.0015443254255109728,202311,False,,False,,,8.865844345554217,-1.553402212517807,14.133641506074051,-1.5141179285468445
2023-11-08,202311,6098.6,6112.0,13.399999999999636,2.942857142857148,23.09870298962136,-17.21298870390707,13.399999999999636,0.0,-8.399999999999636,15.800000000000182,24.199999999999818,-0.0013754707712460013,0.0025917784849578407,202311,False,,False,,,8.932859327089815,1.170637807474492,14.289782886716374,1.693517682658137
2023-11-09,202311,6070.4,6074.6,4.200000000000728,2.9309523809523825,23.05840229846877,-17.196497536564003,4.200000000000728,0.0,-28.200000000000728,-37.399999999999636,-9.199999999998909,-0.004624012068343619,-0.006119109947643975,202311,False,,False,,,8.979994600794743,0.14131941893773883,14.494646730375354,-0.6347170904634158
2023-11-10,202311,6065.2,6065.6,0.4000000000005457,3.0071428571428616,23.00696243515665,-16.992676720870925,0.4000000000005457,0.0,-5.199999999999818,-9.0,-3.800000000000182,-0.0008566157090141857,-0.0014815790340104718,202311,False,,False,,,8.93416640168119,-0.29181713658833525,14.420409078101597,-0.26351540926607614
2023-11-13,202311,6111.0,6123.8,12.800000000000182,3.0904761904761986,22.869050111271253,-16.688097730318855,12.800000000000182,0.0,45.80000000000018,58.19999999999982,12.399999999999636,0.007551276132691465,0.00959509364283817,202311,False,,False,,,8.927912421278556,1.0875469372193385,14.413357441181763,0.8603130846231862
2023-11-14,202311,6153.4,6166.0,12.600000000000364,3.0904761904761986,22.869050111271253,-16.688097730318855,12.600000000000364,0.0,42.399999999999636,42.19999999999982,-0.1999999999998181,0.00693830796923578,0.006891146020444827,202311,False,,False,,,8.98460613909966,1.0584241159042178,14.46555490770664,-0.013825947312485504
2023-11-15,202312,6144.8,6157.0,12.199999999999818,2.989682539682549,22.307322301562703,-16.327957222197607,12.199999999999818,0.0,-8.599999999999454,-9.0,-0.4000000000005457,-0.0013976013260960096,-0.0014596172559195875,202311,True,,False,,,9.038893290618699,1.0189651724151327,14.465531445473994,-0.027651939474764235
2023-11-16,202312,6101.0,6092.2,-8.800000000000182,3.0555555555555665,22.385206713813883,-16.274095602702747,-8.800000000000182,0.0,-43.80000000000018,-64.80000000000018,-21.0,-0.007127978127847934,-0.010524606139353576,202312,False,,False,,,9.080976897566755,-1.305537464667754,14.465320283667689,-1.4517480144363206
2023-11-17,202312,6146.0,6154.0,8.0,3.0246031746031847,22.40524717622014,-16.356040827013768,8.0,0.0,45.0,61.80000000000018,16.800000000000182,0.0073758400262251556,0.010144118709169092,202312,False,,False,,,9.14195368461889,0.5442378070420327,14.615563311384474,1.1494596302637332
2023-11-20,202312,6208.6,6215.8,7.199999999999818,3.038095238095247,22.427875388327298,-16.351684912136797,7.199999999999818,0.0,62.600000000000364,61.80000000000018,-0.8000000000001819,0.010185486495281504,0.010042248943776366,202312,False,,False,,,9.141050488888233,0.45529830154244744,14.707543450332942,-0.054393855962538186
2023-11-21,202312,6168.8,6160.6,-8.199999999999818,3.0984126984127065,22.444816408024735,-16.247991011199325,-8.199999999999818,0.0,-39.80000000000018,-55.19999999999982,-15.399999999999636,-0.006410462906291325,-0.008880594613726256,202312,False,,False,,,9.068492685995805,-1.245897536628145,14.694004274402493,-1.04804651696114
2023-11-22,202312,6109.0,6096.8,-12.199999999999818,2.992063492063499,22.290840005926217,-16.30671302179922,-12.199999999999818,0.0,-59.80000000000018,-63.80000000000018,-4.0,-0.009693943716768239,-0.010356134142778362,202312,False,,False,,,9.075262413770064,-1.6740081773296294,14.605547583093806,-0.27386854051470655
2023-11-23,202312,6169.6,6178.6,9.0,2.9841269841269913,22.306321356030065,-16.338067387776082,9.0,0.0,60.600000000000364,81.80000000000018,21.199999999999818,0.009919790473072565,0.013416874425928427,202312,False,,False,,,9.181816681668028,0.655194197885045,14.55703530145042,1.456340495230338
2023-11-24,202312,6082.4,6086.0,3.600000000000364,3.0500000000000087,22.3404451711307,-16.240445171130684,3.600000000000364,0.0,-87.20000000000073,-92.60000000000036,-5.399999999999636,-0.014133817427386064,-0.014987213931958787,202312,False,,False,,,9.099472734197516,0.06044306258903909,14.615209318868496,-0.36947811572073347
2023-11-27,202312,6072.6,6082.8,10.199999999999818,3.218253968253979,21.768221389857903,-15.331713453349948,10.199999999999818,0.0,-9.799999999999272,-3.199999999999818,6.599999999999454,-0.0016112061028540348,-0.0005257969109431215,202312,False,,False,,,9.070156191231405,0.7697492617046064,14.463144942098843,0.45633228640255086
2023-11-28,202312,6094.0,6099.0,5.0,3.238095238095249,21.807261424008633,-15.331070947818136,5.0,0.0,21.399999999999636,16.199999999999818,-5.199999999999818,0.0035240259526396756,0.0026632471887946263,202312,False,,False,,,9.107860740740785,0.19344880340819168,14.46029059322121,-0.3596054979999854
2023-11-29,202312,6069.0,6076.6,7.600000000000364,3.2246031746031867,21.783645369080105,-15.334439019873733,7.600000000000364,0.0,-25.0,-22.399999999999636,2.600000000000364,-0.00410239579914673,-0.003672733234956538,202312,False,,False,,,9.111324067479229,0.4802152566402667,14.469413368631121,0.17968938572430437
2023-11-30,202312,6024.2,6036.0,11.800000000000182,3.271428571428584,21.814779001991734,-15.27192185913457,11.800000000000182,0.0,-44.80000000000018,-40.600000000000364,4.199999999999818,-0.007381776239907767,-0.00668136787019058,202312,False,,False,,,9.11692199520577,0.9354660962391077,14.4584217532882,0.29048813706410487
2023-12-01,202312,6090.2,6092.2,2.0,3.1992063492063667,21.464170673650756,-15.065757975238022,2.0,0.0,66.0,56.19999999999982,-9.800000000000182,0.010955811560041218,0.009310801855533457,202312,False,,False,,,9.165797424351169,-0.1308349174312301,14.447928095842123,-0.6782979493662114
2023-12-04,202312,6069.0,6060.2,-8.800000000000182,3.2388888888889027,21.449510932120116,-14.971733154342312,-8.800000000000182,0.0,-21.199999999999818,-32.0,-10.800000000000182,-0.0034810022659353956,-0.005252618101835083,202312,False,,False,,,9.156120875946844,-1.3148459977756826,14.48077792430114,-0.7458162853168265
2023-12-05,202312,5973.8,5952.6,-21.199999999999815,3.207142857142871,21.473846567117597,-15.059560852831856,-21.199999999999818,3.552713678800501e-15,-95.19999999999982,-107.59999999999945,-12.399999999999633,-0.015686274509803866,-0.017755189597702947,202312,False,,False,,,9.213738315004061,-2.648994579908679,14.498418443876398,-0.8552657000486105
2023-12-06,202312,5998.6,5994.6,-4.0,3.0539682539682698,21.489299840493047,-15.381363332556507,-4.0,0.0,24.800000000000182,42.0,17.199999999999815,0.004151461381365351,0.007055740348755224,202312,False,,False,,,9.475385656179563,-0.7444518365717265,14.546352106145289,1.1824270356231414
2023-12-07,202312,6023.4,6014.2,-9.199999999999818,3.004761904761922,21.448981368996545,-15.439457559472702,-9.199999999999818,0.0,24.799999999999272,19.599999999999454,-5.199999999999818,0.004134298002867132,0.0032696093150501593,202312,False,,False,,,9.486344039319011,-1.2865611719515366,14.646581840004767,-0.3550316419764822
2023-12-08,202312,6009.0,6000.6,-8.399999999999636,2.9690476190476365,21.472945591694664,-15.534850353599392,-8.399999999999636,0.0,-14.399999999999636,-13.599999999999454,0.8000000000001819,-0.0023906763621873717,-0.0022613148880981093,202312,False,,False,,,9.51099820569255,-1.1953579816935131,14.606468194991935,0.05477025584285152
2023-12-11,202312,6070.6,6072.799999999999,2.1999999999989086,2.9198412698412888,21.47859723586415,-15.638914696181573,2.1999999999989086,0.0,61.600000000000364,72.19999999999891,10.599999999998545,0.01025128973206857,0.012032130120321227,202312,False,,False,,,9.557950627724551,-0.07531334884220382,14.597911985740705,0.7261312446843537
2023-12-12,202312,6078.0,6082.0,4.0,2.885714285714299,21.417886621867225,-15.64645805043862,4.0,0.0,7.399999999999636,9.200000000000728,1.8000000000010914,0.0012189898856784787,0.0015149519167436676,202312,False,,False,,,9.522302369923068,0.11701851831603867,14.628664817522887,0.12304608947256544
2023-12-13,202312,6033.0,6020.8,-12.199999999999818,2.907936507936523,21.43193585538982,-15.616062839516776,-12.199999999999818,0.0,-45.0,-61.19999999999982,-16.199999999999818,-0.007403751233958533,-0.010062479447550121,202312,False,,False,,,9.463561377166307,-1.5964324534724093,14.504647252490821,-1.1168834179830096
2023-12-14,202312,6004.6,5997.2,-7.400000000000546,2.819841269841289,21.41939179075696,-15.77970925107438,-7.400000000000546,0.0,-28.399999999999636,-23.600000000000364,4.799999999999272,-0.004707442400132544,-0.003919744884400833,202312,False,,False,,,9.561216904080178,-1.0688849936539557,14.536924215822376,0.3301936454188035
2023-12-15,202401,5897.2,5912.6,15.400000000000546,2.8222222222222397,21.416363250154255,-15.771918805709774,15.400000000000546,0.0,-107.40000000000055,-84.59999999999945,22.80000000000109,-0.017886287179828875,-0.01410658307210022,202312,True,,False,,,9.59282139009281,1.311165637960097,14.531453172794816,1.569010320501621
2023-12-18,202401,5824.8,5836.0,11.199999999999818,2.9134920634920807,21.52796791394247,-15.700983786958307,11.199999999999818,0.0,-72.39999999999964,-76.60000000000036,-4.200000000000728,-0.012277012819643107,-0.012955383418462363,202401,False,,False,,,9.67320907131515,0.8566451810785809,14.671541338677496,-0.28626849102272434
2023-12-19,202401,5823.2,5848.2,25.0,2.9285714285714466,21.56378817960494,-15.706645322462046,25.0,0.0,-1.6000000000003638,12.199999999999818,13.800000000000182,-0.00027468754292003794,0.0020904729266619793,202401,False,,False,,,9.705051480668416,2.2742206587355915,14.627689254605126,0.9434162675868734
2023-12-20,202401,5751.6,5752.400000000001,0.8000000000001819,2.9888888888889062,21.81088538273005,-15.833107604952234,0.8000000000001819,0.0,-71.59999999999945,-95.79999999999927,-24.199999999999818,-0.012295645006182077,-0.01638110871721199,202401,False,,False,,,9.98106065091139,-0.21930423683868233,14.671262503082033,-1.649483130365642
2023-12-21,202401,5773.2,5775.4,2.199999999999818,2.960317460317478,21.77362256595117,-15.852987645316214,2.199999999999818,0.0,21.599999999999454,22.99999999999909,1.3999999999996362,0.0037554767369079034,0.003998331131353616,202401,False,,False,,,9.97411012207469,-0.07622910224691888,14.872794497390649,0.09413160386538379
2023-12-22,202401,5716.4,5726.6,10.200000000000728,2.942857142857162,21.750763059938254,-15.865048774223933,10.200000000000728,0.0,-56.80000000000018,-48.79999999999927,8.00000000000091,-0.009838564401025485,-0.008449631194376028,202401,False,,False,,,9.9606942681236,0.7285780149249244,14.845878113796251,0.5388701118707503
2023-12-25,202401,5713.0,5720.200000000001,7.200000000000728,2.9746031746031942,21.804467333119305,-15.85526098391292,7.200000000000728,0.0,-3.399999999999636,-6.399999999999636,-3.0,-0.0005947799314253155,-0.001117591590123257,202401,False,,False,,,9.992185027118033,0.42287015441869086,14.865649645876129,-0.20180752751913728
2023-12-26,202401,5640.8,5642.8,2.0,3.0365079365079612,21.81870860055717,-15.745692727541243,2.0,0.0,-72.19999999999982,-77.40000000000055,-5.200000000000728,-0.012637843514790803,-0.013530995419740677,202401,False,,False,,,9.995919167340253,-0.10369310907340587,14.850867947291045,-0.35014788485472076
2023-12-27,202401,5675.0,5675.599999999999,0.5999999999994543,3.0365079365079573,21.81870860055717,-15.745692727541252,0.5999999999994543,0.0,34.19999999999982,32.79999999999927,-1.4000000000005457,0.00606296979151888,0.005812717090805775,202401,False,,False,,,9.993821121375992,-0.24380143559874265,14.845561864432916,-0.09430427846282288
2023-12-28,202401,5802.6,5805.6,3.0,2.989682539682556,21.73693973066689,-15.75757465130178,3.0,0.0,127.60000000000036,130.0000000000009,2.4000000000005457,0.022484581497797418,0.022905067305659443,202401,False,,False,,,9.986313664514094,0.0010331600492488504,14.844782234709859,0.16167296778452564
2023-12-29,202401,5888.0,5893.0,5.0,2.9992063492063643,21.744026549011647,-15.745613850598918,5.0,0.0,85.39999999999964,87.39999999999964,2.0,0.014717540412918284,0.015054430205319047,202401,False,,False,,,9.955065712155475,0.2009824654748987,14.841770702168777,0.13475481060408426
2024-01-02,202401,5850.4,5833.4,-17.0,2.915873015873031,21.435412178707832,-15.60366614696177,-17.0,0.0,-37.600000000000364,-59.600000000000364,-22.0,-0.006385869565217472,-0.010113694213473634,202401,False,,False,,,9.945504847249683,-2.0024999556840535,14.84097236053145,-1.482382654286689
2024-01-03,202401,5798.2,5808.4,10.199999999999818,2.773015873015888,21.349605050395205,-15.80357330436343,10.199999999999818,0.0,-52.19999999999982,-25.0,27.199999999999818,-0.008922466839874188,-0.004285665306682174,202401,False,,False,,,10.087675448764019,0.7362433659474952,14.94018998432332,1.8205926449757779
2024-01-04,202401,5759.6,5767.6,8.0,2.832539682539698,21.407806266869994,-15.7427269017906,8.0,0.0,-38.599999999999454,-40.79999999999927,-2.199999999999818,-0.006657238453313008,-0.0070243096205494515,202401,False,,False,,,10.106358634467963,0.5113078314712247,15.121371724426353,-0.1454894463341604
2024-01-05,202401,5664.6,5668.8,4.199999999999818,2.782539682539696,21.23315565800666,-15.668076292927267,4.199999999999818,0.0,-95.0,-98.80000000000018,-3.800000000000182,-0.016494200986179597,-0.01713017546293094,202401,False,,False,,,10.123760230868841,0.14001322484288753,15.118128658713424,-0.25135386037411644
2024-01-08,202401,5505.6,5485.0,-20.600000000000364,2.758730158730169,21.186377322123032,-15.668917004662694,-20.600000000000364,0.0,-159.0,-183.80000000000018,-24.800000000000182,-0.028069060480881314,-0.03242308777871861,202401,False,,False,,,10.123255554924182,-2.307432626984144,15.122890403008684,-1.6398981503606114
2024-01-09,202401,5501.8,5508.4,6.599999999999454,2.6071428571428643,21.172460795843957,-15.958175081558228,6.599999999999454,0.0,-3.800000000000182,23.399999999999636,27.199999999999818,-0.0006902063353676491,0.00426618049225147,202401,False,,False,,,10.366846924282985,0.38515637126886126,15.320188700475587,1.7754350505588383
2024-01-10,202401,5499.2,5484.2,-15.0,2.6468253968254003,21.203325728161968,-15.909674934511168,-15.0,0.0,-2.600000000000364,-24.199999999999818,-21.599999999999454,-0.0004725726125995866,-0.004393290247621806,202401,False,,False,,,10.270730994019637,-1.71816644862967,15.502192611291276,-1.3933512853057148
2024-01-11,202401,5591.2,5593.2,2.0,2.566666666666671,21.25293791236284,-16.1196045790295,2.0,0.0,92.0,109.0,17.0,0.016729706139074763,0.019875278071550984,202401,False,,False,,,10.328348944492165,-0.054865174454515234,15.407814362664858,1.103336242237784
2024-01-12,202401,5566.4,5556.400000000001,-9.99999999999909,2.5301587301587354,21.184613905981696,-16.124296445664225,-9.99999999999909,0.0,-24.800000000000182,-36.79999999999927,-11.99999999999909,-0.004435541565317003,-0.00657941786454963,202401,False,,False,,,10.19266739803027,-1.2293306786974403,15.49949494126636,-0.7742187758679736
2024-01-15,202401,5538.8,5530.8,-8.0,2.526190476190485,21.19091833441628,-16.138537382035306,-8.0,0.0,-27.599999999999454,-25.600000000000364,1.9999999999990905,-0.0049583213567115925,-0.004607299690447153,202401,False,,False,,,10.133507773618184,-1.0387509154129848,15.202274683597636,0.13155925949403963
2024-01-16,202401,5484.6,5514.400000000001,29.800000000000185,2.476190476190487,21.18606052748617,-16.233679575105192,29.800000000000182,3.552713678800501e-15,-54.19999999999982,-16.399999999999636,37.80000000000018,-0.009785513107532284,-0.002965212989079258,202401,False,,False,,,10.138171691805463,2.6951417232256127,15.003501274870766,2.519411923089651
2024-01-17,202401,5395.8,5349.6,-46.19999999999982,2.615079365079376,21.613516163182513,-16.383357433023765,-46.19999999999982,0.0,-88.80000000000018,-164.80000000000018,-76.0,-0.016190788753965735,-0.0298853909763529,202401,False,,False,,,10.433066895620161,-4.678881085826444,15.298432480605152,-4.967829226710011
2024-01-18,202402,5194.0,5275.0,81.0,2.402380952380965,22.361557843579728,-17.556795938817796,81.0,0.0,-201.80000000000018,-74.60000000000036,127.19999999999982,-0.037399458838355826,-0.013944967848063428,202401,True,,False,,,11.399134470066883,6.895051484304306,17.10094320749171,7.438186213277119
2024-01-19,202402,5236.8,5220.8,-16.0,2.6952380952381088,24.968654721758533,-19.57817853128232,-16.0,0.0,42.80000000000018,-54.19999999999982,-97.0,0.008240277242972605,-0.01027488151658762,202402,False,,False,,,13.815762627147924,-1.3531817677948546,21.127759899805664,-4.591116164704816
2024-01-22,202402,4875.2,4821.2,-54.0,2.6158730158730297,25.01280525740244,-19.781059225656385,-54.0,0.0,-361.60000000000036,-399.60000000000036,-38.0,-0.06904980140543848,-0.07653999387067123,202402,False,,False,,,13.893590412325203,-4.074963442541697,23.122891364414244,-1.6433930947961546
2024-01-23,202402,5024.8,4998.0,-26.800000000000185,2.441269841269855,25.894310417054847,-21.01177073451514,-26.800000000000182,-3.552713678800501e-15,149.60000000000036,176.80000000000018,27.199999999999815,0.03068592057761732,0.03667136812411842,202402,False,,False,,,14.91447009389936,-1.9605973029662607,23.42996260079698,1.1609066759276259
2024-01-24,202402,5048.4,5091.6,43.20000000000073,2.340476190476202,26.076429769729152,-21.395477388776747,43.20000000000073,0.0,23.599999999999454,93.60000000000036,70.00000000000091,0.004696704346441649,0.018727490996398588,202402,False,,False,,,15.130885398062247,2.7004053453975168,23.45727248260611,2.9841491610717688
2024-01-25,202402,5279.8,5303.2,23.399999999999636,2.515079365079377,26.79926099151152,-21.769102261352767,23.399999999999636,0.0,231.40000000000055,211.59999999999945,-19.80000000000109,0.04583630457174559,0.041558645612381095,202402,False,,False,,,15.65369882387827,1.3341843911716407,24.361496694828098,-0.8127579453771654
2024-01-26,202402,5230.8,5221.0,-9.800000000000182,2.6253968253968343,27.03567402238392,-21.784880371590255,-9.800000000000182,0.0,-49.0,-82.19999999999982,-33.19999999999982,-0.009280654570248847,-0.015500075426157722,202402,False,,False,,,15.805312877368674,-0.7861531702538267,24.40509062644202,-1.3603719202758802
2024-01-29,202402,5093.0,5070.4,-22.600000000000364,2.503968253968261,26.855535374444266,-21.84759886650774,-22.600000000000364,0.0,-137.80000000000018,-150.60000000000036,-12.800000000000182,-0.02634396268257244,-0.02884504884121819,202402,False,,False,,,15.825599387056304,-1.5862886226287936,24.614863211261003,-0.5200110148954367
2024-01-30,202402,4936.2,4907.8,-28.399999999999636,2.4428571428571515,26.968890841150856,-22.083176555436555,-28.399999999999636,0.0,-156.80000000000018,-162.59999999999945,-5.799999999999272,-0.0307873551934027,-0.03206847585989259,202402,False,,False,,,16.01115469750623,-1.9263355907529032,24.632078206429846,-0.23546531280845262
2024-01-31,202402,4752.0,4740.0,-12.0,2.344444444444456,27.16510869944217,-22.47621981055326,-12.0,0.0,-184.19999999999982,-167.80000000000018,16.399999999999636,-0.03731615412665612,-0.0341904723093851,202402,False,,False,,,16.269061423326193,-0.8817007982942232,24.627897788787187,0.6659114854482779
2024-02-01,202402,4709.2,4699.8,-9.399999999999636,2.323015873015886,27.18398273742513,-22.537950991393352,-9.399999999999636,0.0,-42.80000000000018,-40.19999999999982,2.600000000000364,-0.009006734006734018,-0.00848101265822776,202402,False,,False,,,16.2489315888085,-0.7214637964929206,24.672990098568103,0.10537839109136815
2024-02-02,202402,4481.0,4515.400000000001,34.400000000000546,2.2428571428571566,27.124312226060937,-22.63859794034662,34.400000000000546,0.0,-228.19999999999982,-184.39999999999964,43.80000000000018,-0.04845833687250489,-0.039235712157964064,202402,False,,False,,,16.256193846772348,1.9781471087420726,24.666345206750538,1.7756988168645778
2024-02-05,202402,4278.2,4170.4,-107.80000000000018,2.316666666666682,27.468511505659784,-22.835178172326422,-107.80000000000018,0.0,-202.80000000000018,-345.0000000000009,-142.20000000000073,-0.045257754965409513,-0.07640519112371014,202402,False,,False,,,16.584038937326113,-6.639918483236584,24.997733311383858,-5.688515763757008
2024-02-06,202403,4524.4,4562.599999999999,38.19999999999982,1.8825396825396956,30.606887857586756,-26.84180849250736,38.19999999999982,0.0,246.19999999999982,392.1999999999998,146.0,0.057547566733672895,0.09404373681181655,202402,True,,False,,,19.823422937769816,1.8320478976546484,28.779993822870185,5.072968427254501
2024-02-07,202403,4727.4,4791.2,63.80000000000018,2.0269841269841384,31.11346775782133,-27.05949950385305,63.80000000000018,0.0,203.0,228.60000000000036,25.600000000000364,0.04486782777826903,0.05010301144084517,202403,False,,False,,,20.157003545150086,3.0645931938568842,32.315106640265306,0.7921991496107961
2024-02-08,202403,4970.0,4991.4,21.399999999999636,2.238095238095249,32.32936524202884,-27.853174765838347,21.399999999999636,0.0,242.60000000000036,200.19999999999982,-42.400000000000546,0.05131784913483117,0.04178493905493408,202403,False,,False,,,21.119209504643198,0.9073211171891409,32.40818178276356,-1.3083115950229327
2024-02-19,202403,4935.8,4962.2,26.399999999999636,2.3412698412698485,32.516558745546966,-27.834019063007272,26.399999999999636,0.0,-34.19999999999982,-29.199999999999818,5.0,-0.0068812877263580985,-0.005850062106823706,202403,False,,False,,,21.212486888622966,1.134177726781925,32.69262271213464,0.15293970275881633
2024-02-20,202403,4997.0,4989.6,-7.399999999999636,2.4373015873015937,32.764434158011724,-27.88983098340854,-7.399999999999636,0.0,61.19999999999982,27.400000000000546,-33.79999999999927,0.012399205802504198,0.005521744387570138,202403,False,,False,,,21.305683881456773,-0.46172193495572533,32.642557522598686,-1.035458081879745
2024-02-21,202403,5073.8,5007.2,-66.60000000000036,2.3611111111111183,32.690253445231484,-27.968031223009245,-66.60000000000036,0.0,76.80000000000018,17.599999999999454,-59.20000000000073,0.015369221532919752,0.003527336860670083,202403,False,,False,,,21.17622938365307,-3.256534006207253,32.571438191436805,-1.817543322835671
2024-02-22,202403,5097.6,5124.400000000001,26.800000000000185,2.019841269841277,33.49283754791335,-29.4531550082308,26.800000000000182,3.552713678800501e-15,23.800000000000182,117.20000000000073,93.40000000000055,0.0046907643186566705,0.023406294935293337,202403,False,,False,,,22.077788646401004,1.1224022082573215,32.68500876517858,2.8575791633106586
2024-02-23,202403,5191.4,5213.4,22.0,2.133333333333342,33.75691624254748,-29.490249575880796,22.0,0.0,93.79999999999927,88.99999999999909,-4.8000000000001855,0.018400816070307524,0.017367886972133206,202403,False,,False,,,22.224817414118633,0.8938956076213285,33.86009689318927,-0.1417597833562512
2024-02-26,202403,5227.8,5215.200000000001,-12.599999999999454,2.1817460317460395,33.88970525016238,-29.5262131866703,-12.599999999999454,0.0,36.400000000000546,1.8000000000010914,-34.599999999999454,0.007011596101244466,0.0003452641270573764,202403,False,,False,,,22.31354129788741,-0.6624563010598856,33.84318316093583,-1.0223624602764079
2024-02-27,202403,5349.4,5384.0,34.600000000000364,2.090476190476202,33.83582177719235,-29.654869396239945,34.600000000000364,0.0,121.59999999999945,168.79999999999927,47.19999999999982,0.02326026244309265,0.032366927442859295,202403,False,,False,,,22.356149268177013,1.4541647320184978,34.01491883027661,1.3876264187344522
2024-02-28,202403,5190.4,5119.0,-71.39999999999964,2.209523809523821,34.21658905118855,-29.797541432140903,-71.39999999999964,0.0,-159.0,-265.0,-106.0,-0.029722959584252417,-0.049219910846953985,202403,False,,False,,,22.605674088823424,-3.256241044628573,34.34221567950707,-3.086580114376635
2024-02-29,202403,5288.4,5338.0,49.60000000000037,1.8968253968254112,35.213166806789715,-31.419516013138892,49.600000000000364,7.105427357601002e-15,98.0,219.0,121.0,0.018881011097410694,0.042781793319007555,202403,False,,False,,,23.696266167964765,2.0131093339787594,35.90789446414936,3.369732528338777
2024-03-01,202403,5375.8,5387.6,11.800000000000182,2.0841269841270016,35.938197812910175,-31.76994384465617,11.800000000000182,0.0,87.40000000000055,49.600000000000364,-37.80000000000019,0.016526737765675925,0.009291869614087789,202403,False,,False,,,24.192477334823753,0.40160719720455046,37.90629994812972,-0.9971957181715179
2024-03-04,202403,5375.2,5382.2,7.0,2.226190476190494,35.940856121387824,-31.488475169006833,7.0,0.0,-0.6000000000003638,-5.400000000000546,-4.800000000000182,-0.00011161129506309653,-0.0010023015814092373,202403,False,,False,,,24.21579507910349,0.19713618769135374,38.09701868024893,-0.12599411099033586
2024-03-05,202403,5320.6,5314.2,-6.400000000000546,2.3166666666666855,35.95935677327923,-31.326023439945864,-6.400000000000546,0.0,-54.599999999999454,-68.0,-13.400000000000546,-0.010157761571662371,-0.012634238787113117,202403,False,,False,,,24.208585504345635,-0.36006509612478266,38.0855633721459,-0.3518393536433996
2024-03-06,202403,5358.2,5343.6,-14.599999999999454,2.2746031746031883,35.934338885576224,-31.38513253636985,-14.599999999999454,0.0,37.599999999999454,29.400000000000546,-8.199999999998909,0.007066872157275306,0.005532347295924334,202403,False,,False,,,24.209289476762812,-0.6970300880081451,38.07707887106808,-0.21535265422446767
2024-03-07,202403,5298.6,5274.2,-24.400000000000546,2.170634920634935,35.87651597282802,-31.53524613155815,-24.400000000000546,0.0,-59.599999999999454,-69.40000000000055,-9.800000000001091,-0.011123138367362118,-0.0129874990643013,202403,False,,False,,,24.25965424820448,-1.0952602476847766,38.0798066267054,-0.25735424804201457
2024-03-08,202403,5347.0,5350.799999999999,3.799999999999272,2.0460317460317583,35.911993463598826,-31.81992997153531,3.7999999999992724,-4.440892098500626e-16,48.399999999999636,76.59999999999945,28.199999999999818,0.009134488355414527,0.01452352963482606,202403,False,,False,,,24.39100107280009,0.07191046602525354,38.09196336141361,0.7403136386654684
2024-03-11,202403,5432.2,5461.6,29.400000000000546,1.9873015873015951,35.78924626486908,-31.81464309026589,29.400000000000546,0.0,85.19999999999982,110.80000000000109,25.600000000001273,0.015934168692724793,0.020707183972490384,202403,False,,False,,,24.392912615318977,1.1237976720944558,38.197942723173355,0.6701931615932459
2024-03-12,202403,5480.4,5489.8,9.400000000000546,2.083333333333344,36.058991364421175,-31.89232469775449,9.400000000000546,0.0,48.19999999999982,28.199999999999818,-20.0,0.008873016457420446,0.00516332210341286,202403,False,,False,,,24.559898249386215,0.29791111479258897,38.281541613195685,-0.5224449997882525
2024-03-13,202403,5524.2,5515.2,-9.0,2.071428571428586,36.034669606480186,-31.891812463623015,-9.0,0.0,43.80000000000018,25.399999999999636,-18.400000000000546,0.007992117363696094,0.0046267623592843865,202403,False,,False,,,24.57121671609066,-0.4505852803039408,38.334925711326655,-0.47998006148643657
2024-03-14,202403,5465.8,5483.8,18.0,1.938888888888901,35.81276296379884,-31.93498518602103,18.0,0.0,-58.399999999999636,-31.399999999999636,27.0,-0.010571666485644893,-0.005693356541920491,202403,False,,False,,,24.585521813219362,0.6532751768756528,38.379035944119344,0.7035090730083098
2024-03-15,202404,5499.8,5531.599999999999,31.799999999999272,1.992063492063503,35.924732733729314,-31.94060574960231,31.799999999999272,0.0,34.0,47.79999999999927,13.799999999999272,0.0062204983716931395,0.008716583391078947,202403,True,,False,,,24.629431027274567,1.2102568051582896,38.47336315851887,0.35868972367037893
2024-03-18,202404,5612.4,5640.2,27.800000000000185,2.0920634920634984,36.227193164013855,-32.043066179886864,27.800000000000182,3.552713678800501e-15,112.59999999999945,108.60000000000036,-3.999999999999087,0.020473471762609385,0.0196326560127269,202404,False,,False,,,24.796778138714068,1.0367450305086237,38.444682494738025,-0.10404559851798938
2024-03-19,202404,5595.6,5582.799999999999,-12.800000000001091,2.2015873015873093,36.4891082599098,-32.08593365673518,-12.800000000001091,0.0,-16.799999999999272,-57.400000000000546,-40.60000000000127,-0.00299337181954229,-0.010176944079997252,202404,False,,False,,,24.92348695548446,-0.6019056373766061,38.44616180551398,-1.056022190339385
2024-03-20,202404,5630.6,5629.2,-1.4000000000005457,2.1563492063492085,36.49299981702589,-32.180301404327466,-1.4000000000005457,0.0,35.0,46.400000000000546,11.400000000000546,0.006254914575738013,0.008311241670846181,202404,False,,False,,,24.932512950366725,-0.1426390197181245,38.60505409943376,0.29529812264057304
2024-03-21,202404,5637.2,5629.8,-7.399999999999636,2.2301587301587302,36.45532614188913,-31.995008681571672,-7.399999999999636,0.0,6.599999999999454,0.6000000000003638,-5.9999999999990905,0.0011721663765849044,0.00010658708164568154,202404,False,,False,,,24.92888179350911,-0.3863052827610516,38.61496956812837,-0.15538015611829742
2024-03-22,202404,5581.8,5563.0,-18.800000000000185,2.1650793650793667,36.40091778980662,-32.07075905964789,-18.800000000000182,-3.552713678800501e-15,-55.399999999999636,-66.80000000000018,-11.40000000000055,-0.009827573972894244,-0.01186543038829091,202404,False,,False,,,24.934005500581588,-0.8408227616934849,38.60028450201332,-0.2953346107955745
2024-03-25,202404,5468.6,5437.599999999999,-31.00000000000091,2.080158730158733,36.41767745138689,-32.25735999106942,-31.00000000000091,0.0,-113.19999999999982,-125.40000000000055,-12.200000000000724,-0.020280196352431057,-0.02254179399604539,202404,False,,False,,,24.993235448453262,-1.3235644820129462,38.615655798228765,-0.3159340362817383
2024-03-26,202404,5415.6,5403.0,-12.600000000000364,1.9722222222222223,36.554101629730894,-32.60965718528645,-12.600000000000364,0.0,-53.0,-34.599999999999454,18.400000000000546,-0.009691694400760675,-0.006363101368250579,202404,False,,False,,,25.177419416708528,-0.5787814065071339,38.57737108196936,0.47696355360514714
2024-03-27,202404,5278.6,5223.0,-55.60000000000037,1.8626984126984112,36.453701863917146,-32.72830503852032,-55.600000000000364,-7.105427357601002e-15,-137.0,-180.0,-43.00000000000001,-0.025297289312356863,-0.03331482509716821,202404,False,,False,,,25.203997999355547,-2.2799041014908856,38.584353923277945,-1.1144413636030355
2024-03-28,202404,5351.4,5352.599999999999,1.199999999999818,1.6507936507936471,36.98795620286335,-33.68636890127606,1.199999999999818,0.0,72.79999999999927,129.59999999999945,56.80000000000019,0.01379153563444846,0.024813325674899467,202404,False,,False,,,25.806637232551804,-0.017468128324182042,38.82124275301984,1.463116478814471
2024-03-29,202404,5395.6,5413.8,18.199999999999815,1.649999999999997,36.98719415625212,-33.687194156252126,18.199999999999818,-3.552713678800501e-15,44.20000000000073,61.20000000000073,16.999999999999996,0.008259520873042714,0.011433695774016428,202404,False,,False,,,25.793058027776507,0.6416455149357299,39.198718336087545,0.4336876490257406
2024-04-01,202404,5532.4,5544.6,12.200000000000728,1.7309523809523766,37.1261460969091,-33.664241335004355,12.200000000000728,0.0,136.79999999999927,130.80000000000018,-5.999999999999087,0.02535399214174494,0.024160478776460215,202404,False,,False,,,25.847765274719077,0.40502718543671595,39.2354226162889,-0.15292303739601212
2024-04-02,202404,5495.8,5508.2,12.399999999999636,1.7468253968253924,37.157253883116745,-33.66360308946596,12.399999999999636,0.0,-36.599999999999454,-36.400000000000546,0.1999999999989086,-0.00661557371122834,-0.006564946073657318,202404,False,,False,,,25.873851782458093,0.41173516385360387,39.22953000282352,0.005098200258440867
2024-04-03,202404,5464.2,5468.0,3.800000000000182,1.7873015873015825,37.22311963962157,-33.6485164650184,3.800000000000182,0.0,-31.600000000000364,-40.19999999999982,-8.599999999999454,-0.005749845336438852,-0.007298209941541622,202404,False,,False,,,25.894530759068157,0.07772677680184495,39.228075855865555,-0.2192307374850134
2024-04-08,202404,5361.4,5351.2,-10.199999999999818,1.7865079365079322,37.22213592737783,-33.649120054361966,-10.199999999999818,0.0,-102.80000000000018,-116.80000000000018,-14.0,-0.018813367007064152,-0.02136064374542801,202404,False,,False,,,25.876959526641418,-0.46321160429095765,39.204980306181604,-0.35709748839722194
2024-04-09,202404,5414.6,5434.8,20.199999999999815,1.7309523809523766,37.19778747483348,-33.735882712928735,20.199999999999818,-3.552713678800501e-15,53.20000000000073,83.60000000000036,30.399999999999633,0.009922781363076894,0.015622664075347625,202404,False,,False,,,25.87437209505063,0.7137969397363765,39.17127843899738,0.7760788315179059
2024-04-10,202404,5324.2,5332.0,7.800000000000182,1.7825396825396782,37.31907005383979,-33.75399068876043,7.800000000000182,0.0,-90.40000000000055,-102.80000000000018,-12.399999999999633,-0.016695600783068087,-0.018915139471553766,202404,False,,False,,,25.91738381547002,0.23217853932728724,39.214841758464615,-0.31620680956395963
2024-04-11,202404,5365.0,5352.0,-13.0,1.79285714285714,37.33488145656857,-33.74916717085429,-13.0,0.0,40.80000000000018,20.0,-20.800000000000182,0.007663123098305968,0.0037509377344335793,202404,False,,False,,,25.92490873521634,-0.5706040200157988,39.22378560995565,-0.5302904774882513
2024-04-12,202404,5320.4,5309.400000000001,-10.99999999999909,1.7460317460317425,37.33495209354909,-33.84288860148561,-10.99999999999909,0.0,-44.600000000000364,-42.599999999999454,2.0000000000009095,-0.008313140726933899,-0.007959641255605332,202404,False,,False,,,25.960840751509878,-0.4909714545854809,39.27738244482667,0.05091989016351406
2024-04-15,202404,5225.8,5263.6,37.80000000000018,1.6936507936507943,37.31872586116551,-33.93142427386392,37.80000000000018,0.0,-94.59999999999945,-45.80000000000018,48.79999999999927,-0.01778061799864661,-0.008626210117904098,202404,False,,False,,,25.956219472275478,1.3910480778957632,39.25762302606428,1.2430706761741415
2024-04-16,202404,5087.2,5058.8,-28.399999999999636,1.8309523809523796,37.74487305733447,-34.08296829542971,-28.399999999999636,0.0,-138.60000000000036,-204.80000000000018,-66.19999999999982,-0.026522254965746894,-0.038908731666540075,202404,False,,False,,,26.198219617201367,-1.1539315580476628,39.56271706819677,-1.6732925568758756
2024-04-17,202404,5259.0,5285.200000000001,26.200000000000728,1.6753968253968283,37.77241692298083,-34.42162327218717,26.200000000000728,0.0,171.80000000000018,226.40000000000055,54.600000000000364,0.03377103318131791,0.04475369652882111,202404,False,,False,,,26.32986582463795,0.9314366939027547,40.11697497080365,1.3610198685154395
2024-04-18,202406,5180.2,5173.2,-7.0,1.7555555555555613,37.98062935353264,-34.46951824242152,-7.0,0.0,-78.80000000000018,-112.00000000000091,-33.20000000000073,-0.014983837231412833,-0.021191251040642012,202404,True,,False,,,26.442373325227646,-0.33111837004442507,40.43603128723976,-0.8210499137307158
2024-04-19,202405,5188.6,5195.2,6.599999999999454,1.7269841269841335,37.968338970909286,-34.514370716941016,6.599999999999454,0.0,8.400000000000546,22.0,13.599999999999454,0.00162155901316563,0.004252686924920646,202406,True,,False,,,26.44181750809344,0.18429201667108416,40.539566655879185,0.3354747256043285
2024-04-22,202405,5197.2,5189.2,-8.0,1.710317460317464,37.9387765196042,-34.51814159896927,-8.0,0.0,8.599999999999454,-6.0,-14.599999999999454,0.0016574798596922236,-0.0011549122266707457,202405,False,,False,,,26.440310439963064,-0.36725429084375866,40.56280283384495,-0.3599356794895211
2024-04-23,202405,5156.6,5153.400000000001,-3.199999999999818,1.6698412698412706,37.91888924055749,-34.57920670087495,-3.199999999999818,0.0,-40.599999999999454,-35.79999999999927,4.800000000000182,-0.007811898714692456,-0.006898943960533255,202405,False,,False,,,26.43966686322631,-0.18418693756744425,40.559814864200106,0.11834373544532313
2024-04-24,202405,5257.4,5275.6,18.200000000000728,1.6476190476190469,37.90173513681954,-34.60649704158145,18.200000000000728,0.0,100.79999999999927,122.19999999999982,21.400000000000546,0.019547764030562575,0.02371250048511664,202405,False,,False,,,26.411908165244263,0.6267014427288958,40.56059066571296,0.5276057288310297
2024-04-25,202406,5212.0,5216.4,4.399999999999636,1.70634920634921,38.01976793745413,-34.60706952475571,4.399999999999636,0.0,-45.399999999999636,-59.20000000000073,-13.800000000001091,-0.00863544717921394,-0.011221472439153946,202405,True,,False,,,26.458100361656324,0.10180817053495365,40.56164700897653,-0.34022287105223
2024-04-26,202406,5342.2,5354.599999999999,12.399999999999636,1.7071428571428564,38.020789199023035,-34.606503484737324,12.399999999999636,0.0,130.19999999999982,138.19999999999982,8.0,0.024980813507290867,0.026493367073077145,202406,False,,False,,,26.45916625269743,0.40412676048576085,40.581828246622784,0.19713256759608308
2024-04-29,202406,5508.6,5511.6,3.0,1.7571428571428542,38.09493329944692,-34.580647585161216,3.0,0.0,166.40000000000055,157.0000000000009,-9.399999999999636,0.031148216090749248,0.02932058417061989,202406,False,,False,,,26.4682142895355,0.04695659213203979,40.58436674684516,-0.23161627871723162
2024-04-30,202406,5457.4,5451.4,-6.0,1.7833333333333283,38.11513100303799,-34.548464336371325,-6.0,0.0,-51.20000000000073,-60.20000000000073,-9.0,-0.009294557600842412,-0.01092241817258155,202406,False,,False,,,26.465562605779,-0.29409287266138695,40.591998017223915,-0.2217185760646997
2024-05-06,202406,5559.0,5561.599999999999,2.5999999999994543,1.7626984126984049,38.106293203418105,-34.58089637802129,2.5999999999994543,0.0,101.60000000000036,110.19999999999982,8.599999999999454,0.01861692380987301,0.02021499064460497,202406,False,,False,,,26.463735430382776,0.03163958427198267,40.60100889426678,0.21181739651828824
2024-05-07,202406,5557.4,5565.8,8.400000000000546,1.7523809523809395,38.09353310505393,-34.58877120029205,8.400000000000546,0.0,-1.6000000000003638,4.200000000000728,5.800000000001091,-0.0002878215506386672,0.0007551783659380806,202406,False,,False,,,26.439613988838634,0.2514264788595578,40.60813890656099,0.14282851064282573
2024-05-08,202406,5467.4,5464.8,-2.5999999999994543,1.8023809523809409,38.145315637636024,-34.54055373287414,-2.5999999999994543,0.0,-90.0,-101.0,-11.0,-0.01619462338503619,-0.018146537784325734,202406,False,,False,,,26.45154319456128,-0.16643191363162402,40.60043170392973,-0.2709330797321376
2024-05-09,202406,5565.0,5567.0,2.0,1.7952380952380866,38.140934264815435,-34.55045807433927,2.0,0.0,97.60000000000036,102.19999999999982,4.599999999999454,0.017851263854848698,0.018701507831942576,202406,False,,False,,,26.4371372554335,0.007745237420508895,40.60097719876896,0.11329776565424461
2024-05-10,202406,5493.6,5503.8,10.199999999999818,1.831746031746026,38.15963441807402,-34.49614235458196,10.199999999999818,0.0,-71.39999999999964,-63.19999999999982,8.199999999999818,-0.012830188679245236,-0.01135261361595108,202406,False,,False,,,26.34719014018064,0.3176146649312646,40.58385726747863,0.20205077959829085
2024-05-13,202406,5433.8,5445.8,12.0,1.899999999999997,38.225882248275035,-34.42588224827504,12.0,0.0,-59.80000000000018,-58.0,1.800000000000182,-0.010885393912916874,-0.01053817362549514,202406,False,,False,,,26.360160021586363,0.3831539714375445,40.55581807580741,0.0443832743463737
2024-05-14,202406,5474.2,5476.2,2.0,1.8698412698412692,38.1492990451792,-34.409616505496665,2.0,0.0,40.399999999999636,30.399999999999636,-10.0,0.0074349442379182396,0.005582283594696813,202406,False,,False,,,26.364270281476617,0.004936936572455774,40.55254548674538,-0.24659364486178814
2024-05-15,202406,5433.4,5422.8,-10.599999999999454,1.8015873015873016,38.014767391058946,-34.41159278788434,-10.599999999999454,0.0,-40.80000000000018,-53.399999999999636,-12.599999999999454,-0.007453143838369147,-0.009751287389065388,202406,False,,False,,,26.347322406267427,-0.4706963049359696,40.5653430226525,-0.31060997051013134
2024-05-16,202406,5427.8,5417.799999999999,-10.00000000000091,1.7468253968253995,37.993234744548026,-34.499583950897225,-10.00000000000091,0.0,-5.599999999999454,-5.0000000000009095,0.5999999999985448,-0.0010306622004636612,-0.0009220328981339732,202406,False,,False,,,26.37302386679979,-0.4454106383915284,40.57105023501025,0.014788870303406216
2024-05-17,202406,5491.8,5531.8,40.0,1.6825396825396826,37.9546856969087,-34.58960633182933,40.0,0.0,64.0,114.00000000000091,50.00000000000091,0.01179114926858027,0.02104175126435104,202406,False,,False,,,26.393959823253482,1.451751104194,40.57065168046707,1.2324179654248355
2024-05-20,202406,5540.2,5542.4,2.199999999999818,1.77301587301587,38.31335575065653,-34.76732400462478,2.199999999999818,0.0,48.399999999999636,10.599999999999454,-37.80000000000018,0.008813139589934016,0.0019161936440217353,202406,False,,False,,,26.648498280504747,0.01602282134210606,40.84512156372612,-0.9254471171306231
2024-05-21,202406,5462.4,5478.2,15.800000000000182,1.7626984126984084,38.30107410522588,-34.77567727982907,15.800000000000182,0.0,-77.80000000000018,-64.19999999999982,13.600000000000364,-0.014042814338832588,-0.011583429561200842,202406,False,,False,,,26.633917086939036,0.5270460796840696,41.02182203203914,0.33153086153458516
2024-05-22,202406,5484.8,5481.8,-3.0,1.785714285714282,38.35222380833881,-34.780795236910244,-3.0,0.0,22.400000000000546,3.600000000000364,-18.800000000000182,0.00410076157000594,0.0006571501588112927,202406,False,,False,,,26.636062665931654,-0.1796704845508326,40.98068507839953,-0.4587527017675323
2024-05-23,202406,5347.8,5360.0,12.199999999999818,1.7825396825396782,38.35057770993411,-34.78549834485475,12.199999999999818,0.0,-137.0,-121.80000000000018,15.199999999999818,-0.024978121353558924,-0.022218979167426767,202406,False,,False,,,26.621449239212414,0.39131830216499275,41.02180051109076,0.37053468669397643
2024-05-24,202406,5308.6,5298.4,-10.200000000000728,1.8801587301587273,38.42748564036234,-34.66716818004489,-10.200000000000728,0.0,-39.19999999999982,-61.600000000000364,-22.400000000000546,-0.007330117057481544,-0.011492537313432916,202406,False,,False,,,26.537061105578655,-0.4552184087792581,41.026845313326795,-0.5459839729067428
2024-05-27,202406,5317.2,5337.799999999999,20.599999999999454,1.7849206349206284,38.33258807340203,-34.762746803560766,20.599999999999454,0.0,8.599999999999454,39.399999999999636,30.800000000000182,0.0016200128094034927,0.007436207156877428,202406,False,,False,,,26.56147274424816,0.7083597941365355,41.0165709306507,0.7509160151899504
2024-05-28,202406,5275.6,5279.0,3.399999999999636,1.872222222222212,38.49436420973953,-34.749919765295104,3.399999999999636,0.0,-41.599999999999454,-58.79999999999927,-17.199999999999818,-0.00782366659143896,-0.011015774289032776,202406,False,,False,,,26.632958923298485,0.057364177302917915,41.1327064438258,-0.4181587229979517
2024-05-29,202406,5275.4,5285.0,9.600000000000364,1.9158730158730055,38.51889174665756,-34.68714571491155,9.600000000000364,0.0,-0.2000000000007276,6.0,6.200000000000728,-3.7910379862116095e-05,0.0011365788975183921,202406,False,,False,,,26.618584758500173,0.2886752640623979,41.16152189665117,0.15062611182277855
2024-05-30,202406,5286.0,5296.0,10.0,1.8944444444444355,38.47301614870683,-34.684127259817956,10.0,0.0,10.600000000000364,11.0,0.3999999999996362,0.0020093263070100065,0.0020813623462629938,202406,False,,False,,,26.625135765765737,0.3044324591192352,41.165183680809164,0.009716949233148024
2024-05-31,202406,5319.8,5314.2,-5.600000000000364,1.9095238095238016,38.49835521953088,-34.67930760048327,-5.600000000000364,0.0,33.80000000000018,18.199999999999818,-15.600000000000364,0.00639424895951568,0.0034365558912385907,202406,False,,False,,,26.63952398943798,-0.2818940688467833,41.16181421530104,-0.3789920414684101
2024-06-03,202406,5206.8,5227.8,21.0,1.868253968253958,38.46745192862696,-34.730943992119045,21.0,0.0,-113.0,-86.39999999999964,26.600000000000364,-0.02124140005263353,-0.01625832674720551,202406,False,,False,,,26.64837827423027,0.7179328451010084,41.19145439471062,0.6457650109925728
2024-06-04,202406,5258.0,5270.4,12.399999999999636,1.884920634920624,38.51523762350091,-34.74539635365966,12.399999999999636,0.0,51.19999999999982,42.599999999999454,-8.600000000000364,0.009833294922025004,0.00814874325720183,202406,False,,False,,,26.72110624940372,0.3935121273399246,41.277063359642845,-0.20834815512599433
2024-06-05,202406,5223.0,5212.400000000001,-10.599999999999454,1.876984126984116,38.49727687245427,-34.74330861848603,-10.599999999999454,0.0,-35.0,-57.99999999999909,-22.99999999999909,-0.006656523392925107,-0.011004857316332606,202406,False,,False,,,26.741370740687778,-0.4665798267401257,41.28595187496871,-0.5570902196866576
2024-06-06,202406,5099.0,5107.400000000001,8.400000000000546,1.7873015873015787,38.41872722790996,-34.84412405330681,8.400000000000546,0.0,-124.0,-105.0,19.0,-0.02374114493586066,-0.020144271352927623,202406,False,,False,,,26.704304574886162,0.24762668483484204,41.29147323136063,0.46014342703494565
2024-06-07,202406,5126.0,5120.2,-5.800000000000182,1.8269841269841185,38.465338729980814,-34.811370476012584,-5.800000000000182,0.0,27.0,12.799999999999272,-14.200000000000728,0.0052951559129241765,0.0025061675216351276,202406,False,,False,,,26.6990240051633,-0.2856652784577191,41.24515614045503,-0.34428285230984385
2024-06-11,202406,5169.4,5175.2,5.800000000000182,1.8357142857142763,38.46571278397975,-34.7942842125512,5.800000000000182,0.0,43.399999999999636,55.0,11.600000000000364,0.00846664065548186,0.010741767899691501,202406,False,,False,,,26.70094002052739,0.14846989324114454,41.269018340002766,0.2810825279252229
2024-06-12,202406,5189.2,5180.2,-9.0,1.7238095238095152,38.13081754908276,-34.68319850146373,-9.0,0.0,19.800000000000182,5.0,-14.800000000000182,0.003830231748365387,0.0009661462358943051,202406,False,,False,,,26.703115317819584,-0.4015939487275209,41.28394586105592,-0.35849286426764154
2024-06-13,202406,5146.6,5151.6,5.0,1.6682539682539597,38.09790478559297,-34.76139684908505,5.0,0.0,-42.599999999999454,-28.599999999999454,14.0,-0.008209357897170921,-0.005521022354349148,202406,False,,False,,,26.63161901411806,0.12510489993040985,41.235310748498826,0.3395148416702467
2024-06-14,202406,5168.2,5173.0,4.800000000000182,1.638888888888878,38.04572220591239,-34.76794442813463,4.800000000000182,0.0,21.599999999999454,21.399999999999636,-0.1999999999998181,0.0041969455562895774,0.00415404922742435,202406,False,,False,,,26.629022748220706,0.11870924220538746,41.168809219180275,-0.004858046754158714
2024-06-17,202406,5175.8,5175.4,-0.4000000000005457,1.5777777777777648,37.911116228256894,-34.75556067270137,-0.4000000000005457,0.0,7.600000000000364,2.399999999999636,-5.200000000000728,0.00147053132618713,0.0004639474192924542,202406,False,,False,,,26.578556253590143,-0.07441253614033903,41.11105919188653,-0.12648664622649694
2024-06-18,202406,5217.4,5230.4,13.0,1.5301587301587136,37.84219525679229,-34.781877796474866,13.0,0.0,41.599999999999454,55.0,13.400000000000546,0.008037404845627538,0.01062719789774702,202406,False,,False,,,26.57937713508148,0.4315316048058372,41.07933964238661,0.32619803815381
2024-06-19,202406,5161.8,5155.6,-6.199999999999818,1.5650793650793529,37.90434236028153,-34.77418363012282,-6.199999999999818,0.0,-55.599999999999454,-74.79999999999927,-19.199999999999818,-0.010656648905585042,-0.014301009483022153,202406,False,,False,,,26.576728561094654,-0.29217589167262575,41.083068104128934,-0.46734581631867406
2024-06-20,202407,5006.4,5008.0,1.6000000000003638,1.5460317460317363,37.89656641918126,-34.80450292711779,1.6000000000003638,0.0,-155.40000000000055,-147.60000000000036,7.800000000000182,-0.030105777054516003,-0.028629063542555788,202406,True,,False,,,26.570552242372564,0.00203113030833297,41.128515949915275,0.18964943956399308
2024-06-21,202407,5006.4,4998.2,-8.199999999999818,1.56428571428571,37.9102722080657,-34.78170077949428,-8.199999999999818,0.0,0.0,-9.800000000000182,-9.800000000000182,0.0,-0.001956869009584694,202407,False,,False,,,26.42106375793778,-0.3695644431179273,40.95920705316759,-0.23926244439447217
2024-06-24,202407,4853.4,4838.400000000001,-14.99999999999909,1.5817460317460297,37.90462656052991,-34.741134497037855,-14.99999999999909,0.0,-153.0,-159.79999999999927,-6.799999999999272,-0.030560882070949202,-0.03197150974350749,202407,False,,False,,,25.99569591414335,-0.6378650560658224,40.25192887027637,-0.16893600358666694
2024-06-25,202407,4793.4,4808.0,14.600000000000364,1.5103174603174618,37.892742440024875,-34.87210751938996,14.600000000000364,0.0,-60.0,-30.400000000000546,29.599999999999454,-0.01236246754852266,-0.006283068783068946,202407,False,,False,,,24.794959653978612,0.5279170735646882,38.16368785517304,0.7756063856388348
2024-06-26,202407,4941.6,4954.2,12.599999999999454,1.5404761904761934,37.95376283845247,-34.87281045750009,12.599999999999454,0.0,148.20000000000073,146.19999999999982,-2.0000000000009095,0.030917511578420376,0.030407653910149657,202407,False,,False,,,24.770926262027242,0.44647195234184817,37.02854432663409,-0.05401238521176051
2024-06-27,202407,4832.4,4842.0,9.600000000000364,1.553968253968255,37.98116925291231,-34.873232744975795,9.600000000000364,0.0,-109.20000000000073,-112.19999999999982,-2.9999999999990905,-0.022098105876639296,-0.022647450647935052,202407,False,,False,,,24.15456716961656,0.3331060204694131,36.82681340896327,-0.08146238358133157
2024-06-28,202407,4858.0,4855.4,-2.600000000000364,1.6238095238095267,38.04493581781125,-34.7973167701922,-2.600000000000364,0.0,25.600000000000364,13.399999999999636,-12.200000000000728,0.005297574704080876,0.002767451466336057,202407,False,,False,,,23.989178957828255,-0.17607145001648997,36.73072509026437,-0.33214699601000763
2024-07-01,202407,4904.0,4893.0,-11.0,1.6214285714285728,38.04358466840371,-34.80072752554656,-11.0,0.0,46.0,37.600000000000364,-8.399999999999636,0.00946891724989718,0.007743955183918905,202407,False,,False,,,23.63717530851897,-0.5339651801321514,36.07043944867059,-0.23287767291976327
2024-07-02,202407,4860.8,4865.0,4.199999999999818,1.5912698412698412,38.04269815613347,-34.86015847359379,4.199999999999818,0.0,-43.19999999999982,-28.0,15.199999999999818,-0.008809135399673651,-0.005722460658083017,202407,False,,False,,,23.57211021096716,0.11067020030799955,36.026680124708825,0.4219095389134934
2024-07-03,202407,4836.2,4835.2,-1.0,1.6190476190476226,38.06770573466478,-34.829610496569536,-1.0,0.0,-24.600000000000364,-29.800000000000182,-5.199999999999818,-0.005060895325872394,-0.00612538540596097,202407,False,,False,,,23.54523040336359,-0.11123474156674527,35.905729544759616,-0.14482368318174862
2024-07-04,202407,4724.8,4734.2,9.399999999999636,1.6293650793650845,38.07356194572054,-34.81483178699037,9.399999999999636,0.0,-111.39999999999964,-101.0,10.399999999999636,-0.023034613953103578,-0.02088848444738589,202407,False,,False,,,23.418345221840404,0.33181827524634433,35.886101302129155,0.2898057917309227
2024-07-05,202407,4783.6,4783.200000000001,-0.3999999999996362,1.668253968253974,38.12466707051637,-34.788159134008424,-0.3999999999996362,0.0,58.80000000000018,49.00000000000091,-9.799999999999272,0.012444971215712863,0.010350217565797903,202407,False,,False,,,23.227574957016948,-0.0890430435411769,35.89523358246054,-0.2730167496329607
2024-07-08,202407,4656.6,4666.6,10.0,1.6833333333333398,38.133141644165626,-34.76647497749895,10.0,0.0,-127.0,-116.60000000000036,10.399999999999636,-0.026549042562087122,-0.024376986118080035,202407,False,,False,,,23.184151587851716,0.35872206214457797,35.87271752496975,0.2899139155755501
2024-07-09,202407,4776.0,4763.8,-12.199999999999818,1.7642857142857191,38.19693132885718,-34.66835990028574,-12.199999999999818,0.0,119.39999999999964,97.19999999999982,-22.199999999999818,0.02564102564102555,0.020828868983842508,202407,False,,False,,,23.165083791575405,-0.602816110657196,35.886650454007125,-0.6186144351491281
2024-07-10,202407,4764.8,4759.4,-5.400000000000546,1.669047619047624,38.12180885787727,-34.78371361978202,-5.400000000000546,0.0,-11.199999999999818,-4.400000000000546,6.799999999999272,-0.0023450586264656126,-0.00092363239430715,202407,False,,False,,,22.9880118955314,-0.3075101775296327,35.68291394315711,0.1905673962286733
2024-07-11,202407,4877.0,4880.8,3.800000000000182,1.6507936507936545,38.113125868813015,-34.81153856722571,3.800000000000182,0.0,112.19999999999982,121.40000000000055,9.200000000000728,0.02354768300873067,0.025507416901290103,202407,False,,False,,,20.143974209914457,0.10669227069148704,32.69016198964297,0.28143023588918004
2024-07-12,202407,4874.8,4866.8,-8.0,1.6023809523809602,38.02057144487895,-34.81580954011702,-8.0,0.0,-2.199999999999818,-14.0,-11.800000000000182,-0.0004510969858518843,-0.0028683822324209185,202407,False,,False,,,19.831717377509598,-0.48419311195260667,29.242574193366636,-0.40352124686331087
2024-07-15,202407,4805.0,4809.6,4.600000000000364,1.5928571428571483,38.01986589213601,-34.83415160642171,4.600000000000364,0.0,-69.80000000000018,-57.19999999999982,12.600000000000364,-0.014318536145072613,-0.011753102654721737,202407,False,,False,,,18.880263223640213,0.15927441378984242,29.146416797287777,0.43230013787399274
2024-07-16,202407,4813.8,4817.4,3.5999999999994543,1.6047619047619142,38.03374084386001,-34.82421703433618,3.5999999999994543,0.0,8.800000000000182,7.799999999999272,-1.0000000000009095,0.0018314255983351568,0.0016217564870257828,202407,False,,False,,,18.7817125756074,0.10623302253218589,28.86953894311243,-0.03463858574158092
2024-07-17,202407,4794.6,4791.4,-3.2000000000007276,1.617460317460326,38.04698364831387,-34.812063013393214,-3.2000000000007276,0.0,-19.199999999999818,-26.0,-6.800000000000182,-0.003988532967717728,-0.005397102171295742,202407,False,,False,,,18.619965823618728,-0.25872551878426575,28.86492429481604,-0.23558003930817237
2024-07-18,202408,4749.0,4754.6,5.600000000000364,1.5785714285714365,38.00765754543954,-34.85051468829667,5.600000000000364,0.0,-45.600000000000364,-36.79999999999927,8.800000000001091,-0.00951069953697914,-0.0076804274324830946,202407,True,,False,,,18.603843525986672,0.21616116937403917,28.673364897504822,0.3069050329969077
2024-07-19,202408,4764.0,4761.400000000001,-2.5999999999994543,1.6015873015873103,38.03348947341802,-34.830314870243406,-2.5999999999994543,0.0,15.0,6.800000000000182,-8.199999999999818,0.0031585596967782514,0.0014301939174694578,202408,False,,False,,,17.276367463308787,-0.2431985375693133,28.053857222323483,-0.29229492169350524
2024-07-22,202408,4761.6,4768.0,6.399999999999636,1.59920634920636,38.03213218724253,-34.8337194888298,6.399999999999636,0.0,-2.399999999999636,6.599999999999454,8.99999999999909,-0.0005037783375314575,0.0013861469315745722,202408,False,,False,,,17.10828011475292,0.2806122894056092,26.457901838524066,0.3401630278518392
2024-07-23,202408,4657.8,4632.8,-25.0,1.6007936507936602,38.034524320849535,-34.83293701926221,-25.0,0.0,-103.80000000000018,-135.19999999999982,-31.399999999999636,-0.02179939516129037,-0.02835570469798654,202408,False,,False,,,16.9968756487239,-1.565040199184537,26.470148309277693,-1.1862419368838235
2024-07-24,202408,4582.4,4577.0,-5.399999999999636,1.465873015873025,38.04110607641901,-35.10936004467297,-5.399999999999636,0.0,-75.40000000000055,-55.80000000000018,19.600000000000364,-0.016187899866890065,-0.012044551890865174,202408,False,,False,,,17.149498210994125,-0.4003541638011961,26.42999184046174,0.7415817650762447
2024-07-25,202408,4584.0,4579.8,-4.199999999999818,1.4238095238095354,38.0061768050847,-35.15855775746562,-4.199999999999818,0.0,1.6000000000003638,2.800000000000182,1.199999999999818,0.0003491620111732985,0.0006117544242953965,202408,False,,False,,,16.843841184794737,-0.33387927742313767,26.072501865669874,0.04602550250767762
2024-07-26,202408,4657.0,4664.8,7.800000000000182,1.434126984126997,38.008645470594075,-35.14039150234008,7.800000000000182,0.0,73.0,85.0,12.0,0.01592495636998259,0.018559762435040872,202408,False,,False,,,15.160774879586366,0.4198910059963153,23.790763337943275,0.5043974348171296
2024-07-29,202408,4642.6,4638.8,-3.800000000000182,1.4722222222222368,38.05321037334309,-35.10876592889862,-3.800000000000182,0.0,-14.399999999999636,-26.0,-11.600000000000364,-0.0030921193901652932,-0.005573658034642381,202408,False,,False,,,14.398147467818637,-0.3661736507426657,20.49013746496931,-0.5661260213520846
2024-07-30,202408,4656.8,4656.0,-0.8000000000001819,1.483333333333345,38.056175019535274,-35.08950835286859,-0.8000000000001819,0.0,14.199999999999818,17.199999999999818,3.0,0.0030586309395597144,0.0037078554798655183,202408,False,,False,,,14.373151176672305,-0.1588610114279872,20.172359927646312,0.1487183458336219
2024-07-31,202408,4875.8,4887.0,11.199999999999818,1.4309523809523896,37.978806416510274,-35.11690165460549,11.199999999999818,0.0,219.0,231.0,12.0,0.047028002061501484,0.049613402061855716,202408,False,,False,,,14.364931906795464,0.6800622294927894,20.16930150581147,0.5949635884288004
2024-08-01,202408,4866.0,4860.0,-6.0,1.4777777777777872,38.04541320919057,-35.08985765363499,-6.0,0.0,-9.800000000000182,-27.0,-17.199999999999818,-0.0020099265761516216,-0.0055248618784530246,202408,False,,False,,,14.37421077324028,-0.5202217983124873,20.15977152347698,-0.8531842724492005
2024-08-02,202408,4797.6,4793.0,-4.600000000000364,1.4317460317460398,38.00774583301044,-35.144253769518365,-4.600000000000364,0.0,-68.39999999999964,-67.0,1.3999999999996362,-0.01405672009864356,-0.013786008230452729,202408,False,,False,,,14.301014444486652,-0.4217705013277412,20.217549232528224,0.06924677090669139
2024-08-05,202408,4676.6,4673.2,-3.4000000000005457,1.4333333333333431,38.0082469051909,-35.14158023852421,-3.4000000000005457,0.0,-121.0,-119.80000000000018,1.199999999999818,-0.025220943805235985,-0.024994784060087705,202408,False,,False,,,14.069463889623359,-0.34353358246284094,20.193238092155255,0.05942583326772137
2024-08-06,202408,4717.4,4730.0,12.600000000000364,1.39126984126985,37.96393086778224,-35.18139118524253,12.600000000000364,0.0,40.79999999999927,56.80000000000018,16.00000000000091,0.00872428687508009,0.012154412394076886,202408,False,,False,,,14.078692977673658,0.7961484902402232,19.99457542596621,0.8002170418293706
2024-08-07,202408,4725.2,4718.400000000001,-6.799999999999272,1.4428571428571515,38.04203575094307,-35.15632146522877,-6.799999999999272,0.0,7.800000000000182,-11.599999999999454,-19.399999999999636,0.0016534531733582991,-0.0024524312896404554,202408,False,,False,,,13.846141423632565,-0.5953179944260524,19.89285887808586,-0.9752243314494549
2024-08-08,202408,4738.0,4732.8,-5.199999999999818,1.423809523809532,38.03517804597021,-35.18755899835115,-5.199999999999818,0.0,12.800000000000182,14.399999999999636,1.5999999999994543,0.0027088800474055486,0.003051881993896055,202408,False,,False,,,13.850879708049947,-0.4782230200122004,19.88690640760024,0.08045494694881138
2024-08-09,202408,4695.6,4689.2,-6.400000000000546,1.375396825396834,37.9894183618628,-35.238624711069136,-6.400000000000546,0.0,-42.399999999999636,-43.600000000000364,-1.2000000000007276,-0.008948923596454161,-0.009212305611900007,202408,False,,False,,,13.82664080532929,-0.5623489417907247,19.802024077749284,-0.060599865715198174
2024-08-12,202408,4665.8,4676.0,10.199999999999818,1.3317460317460403,37.956555516965594,-35.29306345347351,10.199999999999818,0.0,-29.800000000000182,-13.199999999999818,16.600000000000364,-0.006346366811483151,-0.0028149791009126623,202408,False,,False,,,13.750423464553613,0.6449440623494044,19.61408646556838,0.8463305201157798
2024-08-13,202408,4666.8,4693.6,26.800000000000185,1.3825396825396918,38.02095228028914,-35.25587291520975,26.800000000000182,3.552713678800501e-15,1.0,17.600000000000364,16.600000000000367,0.00021432551759614782,0.0037639007698888616,202408,False,,False,,,13.434299386272494,1.8919825728636581,19.636323381926697,0.8453721033785293
2024-08-14,202409,4605.2,4597.8,-7.399999999999636,1.4730158730158869,38.24973129105225,-35.30369954502047,-7.399999999999636,0.0,-61.600000000000364,-95.80000000000018,-34.19999999999982,-0.013199622867918093,-0.0204107721152208,202408,True,,False,,,13.414655636973594,-0.6614419417938421,19.704163022164778,-1.7356738249439467
2024-08-15,202409,4638.0,4641.8,3.800000000000182,1.419841269841285,38.20901792037157,-35.369335380689,3.800000000000182,0.0,32.80000000000018,44.0,11.199999999999818,0.00712238339268656,0.009569794249423724,202409,False,,False,,,13.368568443263602,0.17804140662183277,19.581002027578787,0.571982985560454
2024-08-16,202409,4614.6,4611.2,-3.4000000000005457,1.3960317460317613,38.17119139272511,-35.379127900661594,-3.4000000000005457,0.0,-23.399999999999636,-30.600000000000364,-7.200000000000728,-0.005045278137127962,-0.006592270239993203,202409,False,,False,,,13.368301267845512,-0.35876149481820097,19.579841622949917,-0.3677251398990616
2024-08-19,202409,4623.4,4626.2,2.800000000000182,1.3539682539682676,38.12671626824992,-35.418779760313384,2.800000000000182,0.0,8.799999999999272,15.0,6.200000000000728,0.001906990855111923,0.0032529493407356114,202409,False,,False,,,13.34799360703078,0.1083332663023038,19.583955502689374,0.3165856866427883
2024-08-20,202409,4532.0,4541.8,9.800000000000182,1.3912698412698536,38.150683800687915,-35.36814411814821,9.800000000000182,0.0,-91.39999999999964,-84.39999999999964,7.0,-0.019769001167971534,-0.018243915092300278,202409,False,,False,,,13.192755128432765,0.6373748376946677,19.55917578978628,0.3578882911648747
2024-08-21,202409,4520.2,4521.8,1.6000000000003638,1.4000000000000117,38.16637993095185,-35.36637993095182,1.6000000000003638,0.0,-11.800000000000182,-20.0,-8.199999999999818,-0.0026037069726390083,-0.0044035404465190275,202409,False,,False,,,12.80101937228819,0.015623755748180077,19.530280452299156,-0.4198608422458415
2024-08-22,202409,4467.8,4476.8,9.0,1.3912698412698536,38.15640593201938,-35.373866249479676,9.0,0.0,-52.399999999999636,-45.0,7.399999999999636,-0.01159240741560097,-0.009951789110531184,202409,False,,False,,,12.716377732132019,0.5983409992221482,19.46378756210183,0.3801932165766268
2024-08-23,202409,4471.0,4478.8,7.800000000000182,1.4095238095238196,38.18522537161756,-35.366177752569925,7.800000000000182,0.0,3.199999999999818,2.0,-1.199999999999818,0.0007162361788799476,0.00044674767691210704,202409,False,,False,,,11.319737120836708,0.5645428089238176,18.98194474395682,-0.06321796929589396
2024-08-26,202409,4484.8,4491.8,7.0,1.438888888888901,38.223169891874434,-35.345392114096626,7.0,0.0,13.800000000000182,13.0,-0.8000000000001819,0.003086557817043145,0.002902563186567786,202409,False,,False,,,11.329868276000175,0.4908363429865364,18.115121313477967,-0.044162000693032506
2024-08-27,202409,4443.2,4447.200000000001,4.0000000000009095,1.5190476190476303,38.26323458839979,-35.225139350304524,4.0000000000009095,0.0,-41.600000000000364,-44.599999999999454,-2.9999999999990905,-0.009275775954334708,-0.009929204327886243,202409,False,,False,,,11.231143568603596,0.22089935595594418,18.034317902882428,-0.16634951297601336
2024-08-28,202409,4454.6,4452.8,-1.800000000000182,1.4785714285714444,38.189116671638345,-35.23197381449546,-1.800000000000182,0.0,11.400000000000546,5.599999999999454,-5.800000000001091,0.0025657184011524947,0.001259219284043711,202409,False,,False,,,11.190944932616212,-0.29296645174404984,18.026918032136756,-0.32174107574358396
2024-08-29,202409,4537.0,4528.799999999999,-8.200000000000728,1.4000000000000152,38.05324974857593,-35.253249748575904,-8.200000000000728,0.0,82.39999999999964,75.99999999999909,-6.400000000000546,0.01849773268082422,0.017067912324829182,202409,False,,False,,,11.155603927618579,-0.8605540374406322,18.035952758842424,-0.3548467932675661
2024-08-30,202409,4641.8,4620.0,-21.800000000000185,1.4246031746031855,38.04356881791352,-35.19436246870715,-21.800000000000182,-3.552713678800501e-15,104.80000000000018,91.20000000000073,-13.599999999999458,0.023098964073176242,0.02013778484366746,202409,False,,False,,,11.205647205446436,-2.072580257864552,18.02687107648148,-0.754429315120721
2024-09-02,202409,4528.0,4516.6,-11.399999999999636,1.2984126984127085,38.017733440743505,-35.42090804391808,-11.399999999999636,0.0,-113.80000000000018,-103.39999999999964,10.40000000000055,-0.024516351415399207,-0.02238095238095228,202409,False,,False,,,11.395373861990919,-1.1143480549390037,18.023804237505548,0.5770147002794946
2024-09-03,202409,4547.2,4548.8,1.6000000000003638,1.3047619047619163,38.014705906584744,-35.40518209706091,1.6000000000003638,0.0,19.199999999999818,32.19999999999982,13.0,0.004240282685512353,0.007129256520391314,202409,False,,False,,,11.330259119595281,0.026057488370044745,17.79122880023261,0.7306971399204327
2024-09-04,202409,4532.4,4538.8,6.400000000000546,1.3587301587301717,38.03009089032551,-35.312630572865174,6.400000000000546,0.0,-14.800000000000182,-10.0,4.800000000000182,-0.0032547501759324637,-0.0021983819908547586,202409,False,,False,,,11.314733221724152,0.44554915635051795,17.798279226777726,0.26968899289873616
2024-09-05,202409,4571.0,4577.4,6.399999999999636,1.311904761904778,37.92699630700421,-35.303186783194654,6.399999999999636,0.0,38.600000000000364,38.599999999999454,-9.094947017729282e-13,0.00851645927102651,0.008504450515554707,202409,False,,False,,,11.223283158171018,0.4533517658235784,17.680702371898025,-5.1439964467615994e-14
2024-09-06,202409,4494.4,4496.4,2.0,1.3706349206349373,37.9706420393535,-35.22937219808363,2.0,0.0,-76.60000000000036,-81.0,-4.399999999999636,-0.016757821045723098,-0.017695635076681038,202409,False,,False,,,11.153488379440022,0.05642764469322565,17.6797699834209,-0.2488720161023424
2024-09-09,202409,4456.2,4458.4,2.199999999999818,1.4253968253968428,37.98754115220009,-35.1367475014064,2.199999999999818,0.0,-38.19999999999982,-38.0,0.1999999999998181,-0.008499466002135914,-0.008451205408771423,202409,False,,False,,,10.558945463109929,0.07335989917830595,16.98870200926488,0.011772529760704909
2024-09-10,202409,4471.8,4472.6,0.8000000000001819,1.3825396825396992,37.915505350163386,-35.150425985083984,0.8000000000001819,0.0,15.600000000000364,14.200000000000728,-1.3999999999996362,0.0035007405412683656,0.003184999102817221,202409,False,,False,,,10.10649935897341,-0.05764010483237096,15.632792650726582,-0.08955533609886183
2024-09-11,202409,4464.6,4474.8,10.199999999999818,1.4317460317460469,37.92787277744594,-35.06438071395385,10.199999999999818,0.0,-7.199999999999818,2.199999999999818,9.399999999999636,-0.0016100898966858734,0.0004918839153960075,202409,False,,False,,,9.811548750777789,0.8936666566079783,14.639695724607648,0.642089847823771
2024-09-12,202409,4475.0,4468.0,-7.0,1.4611111111111248,37.973563582566776,-35.05134136034453,-7.0,0.0,10.399999999999636,-6.800000000000182,-17.199999999999818,0.002329436007705077,-0.001519620988647552,202409,False,,False,,,9.804286013903537,-0.8630012526268975,14.28687382307157,-1.2039022821230423
2024-09-13,202409,4424.6,4418.8,-5.800000000000182,1.4595238095238248,37.97341837447703,-35.05437075542938,-5.800000000000182,0.0,-50.399999999999636,-49.19999999999982,1.199999999999818,-0.011262569832402147,-0.011011638316920314,202409,False,,False,,,9.835454316713689,-0.7380974559749289,14.326407911139755,0.08376140114415817
2024-09-18,202409,4399.6,4402.4,2.7999999999992724,1.428571428571443,37.95384822684736,-35.09670536970447,2.7999999999992724,0.0,-25.0,-16.400000000000546,8.599999999999454,-0.005650228269222124,-0.0037114148637640287,202409,False,,False,,,9.815390718127082,0.13972225974612223,14.25221287089047,0.6034150680954663
2024-09-19,202409,4484.8,4491.0,6.199999999999818,1.4047619047619155,37.91856201073172,-35.109038201207895,6.199999999999818,0.0,85.19999999999982,88.60000000000036,3.4000000000005457,0.01936539685425953,0.02012538615300752,202409,False,,False,,,9.80172299840054,0.4892239962321315,14.270135517113067,0.23825982562836837
2024-09-20,202410,4412.8,4427.4,14.599999999999454,1.365079365079376,37.8360169185683,-35.10585818840955,14.599999999999454,0.0,-72.0,-63.600000000000364,8.399999999999636,-0.016054227613271466,-0.014161656646626719,202409,True,,False,,,9.674537861225357,1.368015798249589,14.110874093293145,0.595285589288344
2024-09-23,202410,4436.6,4439.400000000001,2.800000000000182,1.3849206349206422,37.87928251969815,-35.10944124985687,2.800000000000182,0.0,23.800000000000182,12.00000000000091,-11.799999999999272,0.0053934010152285605,0.002710394362379853,202410,False,,False,,,9.754368304001083,0.14507134864890195,14.068045171575848,-0.8387803604612312
2024-09-24,202410,4624.4,4653.4,29.0,1.423809523809532,37.90317161870258,-35.05555257108352,29.0,0.0,187.79999999999927,213.9999999999991,26.199999999999818,0.04232971194157664,0.04820471234851542,202410,False,,False,,,9.698298090829438,2.8434051230355655,14.095073428311695,1.8588054991876726
2024-09-25,202410,4690.6,4679.2,-11.400000000000546,1.5674603174603283,38.19524311825308,-35.06032248333242,-11.400000000000546,0.0,66.20000000000073,25.800000000000182,-40.400000000000546,0.014315370642678182,0.005544333175742544,202410,False,,False,,,10.068766387480476,-1.2878896796716468,14.305709815781135,-2.82404721752666
2024-09-26,202410,4875.2,4931.0,55.80000000000018,1.5642857142857245,38.19644204765402,-35.06787061908257,55.80000000000018,0.0,184.59999999999945,251.80000000000018,67.20000000000073,0.03935530635739548,0.05381261754146016,202410,False,,False,,,10.127432691916207,5.355327054309215,14.845435444450843,4.526643913642816
2024-09-27,202410,5285.0,5345.6,60.60000000000037,1.8039682539682664,39.059240568728704,-35.451304060792175,60.600000000000364,7.105427357601002e-15,409.8000000000002,414.60000000000036,4.800000000000189,0.08405808992451602,0.08408030825390389,202410,False,,False,,,11.461593486619812,5.1298304912550075,16.277944922781128,0.29487751818612845
2024-09-30,202410,5801.2,6029.8,228.60000000000036,2.0531746031746163,40.03398071407427,-35.92763150772503,228.60000000000036,0.0,516.1999999999998,684.1999999999998,168.0,0.0976726584673604,0.12799311583358275,202410,False,,False,,,12.83211942310738,17.654669343933364,16.274982846893312,10.322591524701304
2024-10-08,202410,6174.4,6221.6,47.20000000000073,2.8944444444444613,50.373186548133056,-44.584297659244136,47.20000000000073,0.0,373.1999999999998,191.80000000000018,-181.39999999999964,0.0643315176170447,0.03180868353842592,202410,False,,False,,,25.926118806401373,1.7089158576491927,23.315652521970243,-7.780181139218264
2024-10-09,202410,5853.4,5713.799999999999,-139.60000000000036,3.174603174603196,50.862966946159226,-44.51376059695283,-139.60000000000036,0.0,-321.0,-507.8000000000011,-186.8000000000011,-0.05198885721689561,-0.08161887617333174,202410,False,,False,,,26.256391160395214,-5.437708567884334,29.68134631703762,-6.293515058404698
2024-10-10,202410,5699.8,5654.4,-45.400000000000546,2.5079365079365297,53.37156390183264,-48.35569088595958,-45.400000000000546,0.0,-153.59999999999945,-59.399999999999636,94.19999999999982,-0.02624115898452173,-0.010395883650110238,202410,False,,False,,,30.015711104875017,-1.5960953362239712,35.08147509654494,2.685177853575412
2024-10-11,202410,5401.2,5422.8,21.600000000000364,2.344444444444463,53.5583155457666,-48.86942665687767,21.600000000000364,0.0,-298.60000000000036,-231.59999999999945,67.00000000000091,-0.052387803080809925,-0.04095925297113745,202410,False,,False,,,30.416117471173187,0.6330707912936394,36.36266989119706,1.8425489712519916
2024-10-14,202410,5590.8,5619.4,28.599999999999454,2.3992063492063687,53.66598921451688,-48.86757651610415,28.599999999999454,0.0,189.60000000000036,196.59999999999945,6.9999999999990905,0.0351033103754721,0.03625433355462104,202410,False,,False,,,30.46698865952792,0.8599731973379433,36.97121981960432,0.18933646317742747
2024-10-15,202410,5539.0,5499.0,-40.0,2.507936507936526,53.88061967446818,-48.86474665859512,-40.0,0.0,-51.80000000000018,-120.39999999999964,-68.59999999999945,-0.00926522143521502,-0.021425774993771518,202410,False,,False,,,30.52837355509128,-1.3924075067814214,36.95464782621537,-1.8563294209324082
2024-10-16,202410,5510.4,5523.2,12.800000000000182,2.3507936507936673,54.00071388711792,-49.29912658553058,12.800000000000182,0.0,-28.600000000000364,24.199999999999818,52.80000000000018,-0.0051633868929410465,0.004400800145480943,202410,False,,False,,,30.818015457970056,0.3390616233370788,37.59310596587656,1.4045128393468471
2024-10-17,202412,5468.4,5439.4,-29.0,2.3365079365079517,53.97281255075102,-49.29979667773512,-29.0,0.0,-42.0,-83.80000000000018,-41.80000000000018,-0.007621951219512146,-0.015172363847045234,202410,True,,False,,,30.617951821396844,-1.023468457958999,37.63197136328199,-1.1107576479712404
2024-10-18,202412,5829.0,5736.4,-92.60000000000036,2.1952380952381088,53.97928158289669,-49.58880539242047,-92.60000000000036,0.0,360.60000000000036,297.0,-63.600000000000364,0.06594250603467211,0.05460161047174328,202412,False,,False,,,30.79386899492774,-3.0783802487064165,37.67436574573541,-1.688150516699797
2024-10-21,202412,5826.6,5833.6,7.0,1.8150793650793784,54.958245049284365,-51.32808631912561,7.0,0.0,-2.399999999999636,97.20000000000073,99.60000000000036,-0.0004117344312917215,0.016944425074959968,202412,False,,False,,,32.23377361737479,0.16085366536562828,38.17406364737114,2.6091013238738423
2024-10-22,202412,5835.6,5861.2,25.599999999999454,1.8714285714285837,55.006318825593546,-51.263461682736384,25.599999999999454,0.0,9.0,27.599999999999454,18.599999999999454,0.0015446400988570197,0.0047312122874381135,202412,False,,False,,,32.23205005123093,0.7361794049976875,39.434369463064876,0.47166977064057375
2024-10-23,202412,5868.6,5862.400000000001,-6.199999999999818,1.9396825396825512,55.15238257467054,-51.27301749530544,-6.199999999999818,0.0,33.0,1.2000000000007276,-31.799999999999272,0.005654945506888831,0.0002047362314885337,202412,False,,False,,,32.30014610468261,-0.25200141551379374,39.4489830878652,-0.8061044293377789
2024-10-24,202412,5822.6,5835.2,12.599999999999454,1.9087301587301695,55.13129686002084,-51.313836542560495,12.599999999999454,0.0,-46.0,-27.200000000000728,18.799999999999272,-0.00783832600620249,-0.0046397379912664904,202412,False,,False,,,32.286440910491685,0.3311380734379765,39.51436511580388,0.4757763396907056
2024-10-25,202412,5948.0,5983.0,35.0,1.9555555555555637,55.194965548997175,-51.28385443788605,35.0,0.0,125.39999999999964,147.80000000000018,22.400000000000546,0.021536770514890113,0.02532903756512206,202412,False,,False,,,32.25171773672996,1.024579363932969,39.438155139510364,0.5679778864087771
2024-10-28,202412,6030.6,6045.2,14.599999999999454,2.0952380952381024,55.49639663732307,-51.30592044684687,14.599999999999454,0.0,82.60000000000036,62.19999999999982,-20.400000000000546,0.013887020847343612,0.010396122346648884,202412,False,,False,,,32.413108397060604,0.3857933571682792,39.46332070173629,-0.5169357174522567
2024-10-29,202412,5953.2,5952.0,-1.199999999999818,2.1380952380952425,55.56207843524038,-51.2858879590499,-1.199999999999818,0.0,-77.40000000000055,-93.19999999999982,-15.799999999999272,-0.012834543826484968,-0.015417190498246525,202412,False,,False,,,32.427230108741284,-0.1029411154422105,39.512876049933155,-0.39986965211118825
2024-10-30,202412,5948.8,5977.8,29.0,2.113492063492072,55.53789285220684,-51.31090872522269,29.0,0.0,-4.399999999999636,25.800000000000182,30.199999999999818,-0.0007390983000739038,0.004334677419354893,202412,False,,False,,,32.42235941289582,0.8292582163472644,39.54462325377289,0.7636942146646569
2024-10-31,202412,6085.2,6068.2,-17.0,2.2039682539682635,55.73328420181661,-51.32534769388008,-17.0,0.0,136.39999999999964,90.39999999999964,-46.0,0.022928994082840104,0.015122620362006067,202412,False,,False,,,32.51470473866292,-0.590624100951254,39.62856693310678,-1.1607787906549392
2024-11-01,202412,5899.0,5894.8,-4.199999999999818,2.097619047619056,55.672798912484275,-51.477560817246165,-4.199999999999818,0.0,-186.19999999999982,-173.39999999999964,12.800000000000182,-0.030598829948070727,-0.028575195280313714,202412,False,,False,,,32.52773492565912,-0.1936076724066966,39.807349202189506,0.32154866517201175
2024-11-04,202412,5991.4,6024.2,32.80000000000018,2.12063492063493,55.67992443423666,-51.438654592966806,32.80000000000018,0.0,92.39999999999964,129.39999999999964,37.0,0.015663671808781032,0.02195155051910147,202412,False,,False,,,32.521192717327885,0.9433653109228901,39.820232966864474,0.9291758797792251
2024-11-05,202412,6251.0,6257.6,6.600000000000364,2.277777777777789,55.96417950083077,-51.408623945275195,6.600000000000364,0.0,259.60000000000036,233.40000000000055,-26.199999999999818,0.04332877123877554,0.03874373360778205,202412,False,,False,,,32.63066779592606,0.13245889570063302,39.92459615046576,-0.6562370700321829
2024-11-06,202412,6266.4,6267.0,0.6000000000003638,2.2476190476190605,55.91566002781752,-51.4204219325794,0.6000000000003638,0.0,15.399999999999636,9.399999999999636,-6.0,0.00246360582306826,0.0015021733571976004,202412,False,,False,,,32.62825670111016,-0.05049669256655803,39.96811956820322,-0.1501196469791719
2024-11-07,202412,6361.4,6392.6,31.200000000000728,2.2246031746031907,55.89046736635271,-51.44126101714633,31.200000000000728,0.0,95.0,125.60000000000036,30.600000000000364,0.015160219583812085,0.020041487154938586,202412,False,,False,,,32.61677104704508,0.8883588379611406,39.94713557195369,0.7660123701456129
2024-11-08,202412,6384.2,6397.4,13.199999999999818,2.371428571428587,56.15146074998846,-51.40860360713128,13.199999999999818,0.0,22.800000000000182,4.799999999999272,-18.00000000000091,0.003584116703870155,0.0007508681913461768,202412,False,,False,,,32.735685837824334,0.33078798111079727,40.047616658173396,-0.4494649495284573
2024-11-11,202412,6492.4,6508.4,16.0,2.4603174603174747,56.23758915561368,-51.31695423497872,16.0,0.0,108.19999999999982,111.0,2.800000000000182,0.016948090598665422,0.017350798761996966,202412,False,,False,,,32.7254570540114,0.4137354756370887,40.06104326997483,0.06989333705392393
2024-11-12,202412,6393.0,6411.400000000001,18.400000000000546,2.4785714285714406,56.27114993677457,-51.314007079631686,18.400000000000546,0.0,-99.39999999999964,-96.99999999999909,2.4000000000005457,-0.015310208859589669,-0.014903816606231857,202412,False,,False,,,32.74833643704585,0.486175186395677,40.037783922367,0.059943377601870525
2024-11-13,202412,6403.4,6408.200000000001,4.800000000001091,2.57539682539684,56.39451951886995,-51.24372586807628,4.800000000001091,0.0,10.399999999999636,-3.199999999999818,-13.599999999999454,0.0016267792898481126,-0.000499110958604998,202412,False,,False,,,32.78069615496361,0.0678632071780271,40.03842477653019,-0.3396737028468595
2024-11-14,202412,6243.2,6239.4,-3.800000000000182,2.632539682539699,56.430321472235256,-51.165242107155855,-3.800000000000182,0.0,-160.19999999999982,-168.8000000000011,-8.600000000001273,-0.02501795920917005,-0.026341250273087757,202412,False,,False,,,32.77785030637421,-0.19624653912367657,40.058539184750224,-0.21468581169018724
2024-11-15,202412,6140.8,6113.0,-27.800000000000185,2.5833333333333477,56.38187890824746,-51.21521224158076,-27.800000000000182,-3.552713678800501e-15,-102.39999999999964,-126.39999999999964,-24.000000000000004,-0.016401845207585808,-0.020258358175465507,202412,False,,False,,,32.774319276537376,-0.9270469686027769,40.044901263103704,-0.5993272362519959
2024-11-18,202412,5938.4,5951.400000000001,13.00000000000091,2.4460317460317627,56.37780301953216,-51.48573952746863,13.00000000000091,0.0,-202.40000000000055,-161.59999999999945,40.80000000000109,-0.032959874934861966,-0.02643546540160302,202412,False,,False,,,32.9120050554153,0.32067229681689086,40.070812874765245,1.0181974627646013
2024-11-19,202412,6055.8,6092.0,36.19999999999982,2.506349206349226,56.4512509835268,-51.43855257082834,36.19999999999982,0.0,117.40000000000055,140.59999999999945,23.19999999999891,0.019769634918496592,0.023624693349463932,202412,False,,False,,,32.92468565153707,1.0233552766532676,40.272869831245615,0.5760701955736772
2024-11-20,202412,6173.8,6191.8,18.0,2.6714285714285886,56.77354159888162,-51.43068445602444,18.0,0.0,118.0,99.80000000000018,-18.199999999999818,0.019485451963406897,0.016382140512147148,202412,False,,False,,,33.06124442346791,0.46364169576420144,40.325980597018585,-0.4513219450724379
2024-11-21,202412,6166.0,6186.599999999999,20.599999999999454,2.7007936507936665,56.82821596218799,-51.42662866060066,20.599999999999454,0.0,-7.800000000000182,-5.200000000000728,2.5999999999994543,-0.0012634034144287654,-0.0008398204076359717,202412,False,,False,,,33.03258819451313,0.5418650892205573,40.36276286706145,0.0644158084163564
2024-11-22,202412,6009.0,5956.2,-52.80000000000018,2.82539682539684,56.972570837997814,-51.32177718720414,-52.80000000000018,0.0,-157.0,-230.39999999999964,-73.39999999999964,-0.025462212131041162,-0.037241780622635945,202412,False,,False,,,33.056548488609685,-1.6827345675415537,40.25515087187204,-1.8233691443270006
2024-11-25,202412,5937.4,5989.8,52.400000000000546,2.562698412698428,57.1444444623985,-52.01904763700164,52.400000000000546,0.0,-71.60000000000036,33.600000000000364,105.20000000000073,-0.011915460143118728,0.005641180618515262,202412,False,,False,,,33.539415316877324,1.4859323311525814,40.919777194610596,2.5708839884361896
2024-11-26,202412,5921.0,5911.0,-10.0,2.7539682539682686,57.69538377949108,-52.18744727155455,-10.0,0.0,-16.399999999999636,-78.80000000000018,-62.400000000000546,-0.002762151783608946,-0.013155698019967299,202412,False,,False,,,33.88405065645038,-0.37640034195676497,42.26550060527086,-1.4763814247173201
2024-11-27,202412,6028.8,6090.6,61.80000000000018,2.712698412698425,57.67683440028435,-52.251437574887504,61.80000000000018,0.0,107.80000000000018,179.60000000000036,71.80000000000018,0.018206384056747238,0.03038402977499577,202412,False,,False,,,33.907432575150686,1.742606181000101,42.71275593065764,1.680996658622648
2024-11-28,202412,6052.0,6038.8,-13.199999999999818,2.9071428571428695,58.35911513377391,-52.54482941948817,-13.199999999999818,0.0,23.199999999999818,-51.80000000000018,-75.0,0.0038481953290869786,-0.008504909204347766,202412,False,,False,,,34.354920603852015,-0.46884529418288595,43.30369634536673,-1.7319537667602505
2024-11-29,202412,6163.8,6154.0,-9.800000000000182,2.804761904761916,58.280129438105995,-52.67060562858216,-9.800000000000182,0.0,111.80000000000018,115.19999999999982,3.399999999999636,0.018473231989424965,0.019076637742597935,202412,False,,False,,,34.40301255307853,-0.3663854113157939,43.93403370021615,0.07738875112628024
2024-12-02,202412,6267.0,6269.2,2.199999999999818,2.717460317460329,58.20269300695383,-52.76777237203317,2.199999999999818,0.0,103.19999999999982,115.19999999999982,12.0,0.01674291832960173,0.018719532011699735,202412,False,,False,,,34.42929478502204,-0.015029651948770806,43.93251316657543,0.27314622212711914
2024-12-03,202412,6287.8,6268.6,-19.199999999999815,2.7611111111111226,58.22726013438791,-52.70503791216567,-19.199999999999818,3.552713678800501e-15,20.800000000000182,-0.5999999999994543,-21.399999999999633,0.0033189723950854955,-9.570599119501644e-05,202412,False,,False,,,34.426962653939775,-0.6379044045175951,43.93666258595354,-0.4870647595987677
2024-12-04,202412,6159.2,6171.8,12.600000000000364,2.6531746031746155,58.184205727171566,-52.87785652082234,12.600000000000364,0.0,-128.60000000000036,-96.80000000000018,31.80000000000018,-0.02045230446261015,-0.01544204447564057,202412,False,,False,,,34.50611446328812,0.2882626905851255,43.97789913264642,0.7230904756065044
2024-12-05,202412,6243.0,6253.4,10.399999999999636,2.674603174603189,58.21684688172229,-52.86764053251591,10.399999999999636,0.0,83.80000000000018,81.59999999999945,-2.2000000000007276,0.013605663073126495,0.013221426488220445,202412,False,,False,,,34.5113009744562,0.22385121995587642,44.08188574125501,-0.049907120873048515
2024-12-06,202412,6334.8,6327.0,-7.800000000000182,2.748412698412711,58.28205554569698,-52.78523014887156,-7.800000000000182,0.0,91.80000000000018,73.60000000000036,-18.199999999999818,0.014704469005285992,0.0117695973390477,202412,False,,False,,,34.47482794179208,-0.30597433919679085,44.02536142367101,-0.4133980826382102
2024-12-09,202412,6261.8,6270.0,8.199999999999818,2.765873015873027,58.28340572738234,-52.751659695636285,8.199999999999818,0.0,-73.0,-57.0,16.0,-0.011523647155395556,-0.009009009009009028,202412,False,,False,,,34.48278153255953,0.15758957783019184,44.058622838947855,0.36315252200429626
2024-12-10,202412,6366.2,6351.6,-14.599999999999454,2.762698412698423,58.27889099904344,-52.7534941736466,-14.599999999999454,0.0,104.39999999999964,81.60000000000036,-22.799999999999272,0.01667252227793914,0.013014354066985812,202412,False,,False,,,34.48442869212463,-0.5034938687171314,44.07824612910764,-0.5172619603152268
2024-12-11,202412,6432.0,6431.400000000001,-0.5999999999994543,2.6904761904762013,58.24963129045981,-52.8686789095074,-0.5999999999994543,0.0,65.80000000000018,79.80000000000018,14.0,0.010335836134585774,0.01256376346117527,202412,False,,False,,,34.515367913760215,-0.09533365539365565,44.121806193969356,0.31730341995640116
2024-12-12,202412,6479.2,6483.2,4.0,2.6476190476190613,58.200172475642326,-52.90493438040421,4.0,0.0,47.19999999999982,51.79999999999927,4.599999999999454,0.00733830845771144,0.008054233914855047,202412,False,,False,,,34.519403473432476,0.03917741375287048,44.1260876593566,0.10424672215471292
2024-12-13,202412,6366.4,6354.2,-12.199999999999818,2.6436507936508074,58.19567226095583,-52.90837067365422,-12.199999999999818,0.0,-112.80000000000018,-129.0,-16.199999999999818,-0.017409556735399456,-0.019897581441263523,202412,False,,False,,,34.51930655810646,-0.4300101095212982,44.12842580056957,-0.3671103082900075
2024-12-16,202412,6259.8,6274.8,15.0,2.565079365079378,58.14495085391746,-53.0147921237587,15.0,0.0,-106.59999999999945,-79.39999999999964,27.199999999999818,-0.01674415682332231,-0.012495672153850945,202412,False,,False,,,34.55164484675321,0.3598937384912696,44.153070520221426,0.6160386962791781
2024-12-17,202412,6152.0,6149.6,-2.399999999999636,2.57777777777779,58.16758388211704,-53.012028326561456,-2.399999999999636,0.0,-107.80000000000018,-125.19999999999982,-17.399999999999636,-0.017220997475957733,-0.01995282718174285,202412,False,,False,,,34.56734086598882,-0.1440023343732267,44.228766679845506,-0.3934091159708642
2024-12-18,202412,6194.6,6189.0,-5.600000000000364,2.560317460317474,58.1536162588996,-53.032981338264655,-5.600000000000364,0.0,42.600000000000364,39.399999999999636,-3.2000000000007276,0.00692457737321206,0.006406920775335001,202412,False,,False,,,34.56692387619459,-0.23607300115986463,44.25575344665734,-0.0723069827261618
2024-12-19,202412,6207.2,6215.6,8.400000000000546,2.573015873015886,58.15735493655498,-53.011323190523214,8.400000000000546,0.0,12.599999999999454,26.600000000000364,14.00000000000091,0.0020340296387175716,0.004297947972208727,202412,False,,False,,,34.581564306708216,0.1684997264815556,44.24751319839833,0.31640196223519473
2024-12-20,202503,6141.8,6155.4,13.599999999999454,2.690476190476205,58.198114966017606,-52.8171625850652,13.599999999999454,0.0,-65.39999999999964,-60.20000000000073,5.199999999998909,-0.010536151565923357,-0.009685307934873655,202412,True,,False,,,34.454670850762014,0.3166341033056762,44.156142188027516,0.11776391102864134
2024-12-23,202503,5998.8,6005.8,7.0,2.7603174603174727,58.27843814084911,-52.75780322021416,7.0,0.0,-143.0,-149.59999999999945,-6.599999999999454,-0.02328307662248852,-0.024303863274523052,202503,False,,False,,,34.449963715510734,0.12306783759466355,44.11614033869972,-0.14960510936197602
2024-12-24,202503,6032.4,6057.4,25.0,2.8246031746031863,58.3246203972872,-52.67541404808083,25.0,0.0,33.599999999999454,51.599999999999454,18.0,0.005601120224044687,0.008591694695127883,202503,False,,False,,,34.437824166653435,0.6439256068584472,44.12123170162747,0.407966851916694
2024-12-25,202503,5988.0,6010.2,22.199999999999815,2.957142857142867,58.509011895646395,-52.594726181360656,22.199999999999818,-3.552713678800501e-15,-44.399999999999636,-47.19999999999982,-2.8000000000001855,-0.007360254625024765,-0.007792122032555193,202503,False,,False,,,34.494090022272694,0.5578595385595594,44.141636314999324,-0.06343217501089206
2024-12-26,202503,6059.4,6059.4,0.0,3.03650793650795,58.641154497340814,-52.56813862432491,0.0,0.0,71.39999999999964,49.19999999999982,-22.199999999999815,0.011923847695390677,0.00818608365778184,202503,False,,False,,,34.522599010275115,-0.08795710704180125,44.12670004164901,-0.5030967640690632
2024-12-27,202503,6076.2,6073.0,-3.199999999999818,3.0206349206349343,58.62646062053394,-52.585190779264074,-3.199999999999818,0.0,16.800000000000182,13.600000000000364,-3.199999999999818,0.002772551737795892,0.0022444466448823253,202503,False,,False,,,34.52119735273782,-0.1801975423121123,44.18281506960322,-0.07242634936136846
2024-12-30,202503,6052.4,6059.0,6.600000000000364,3.05634920634922,58.63446978909557,-52.52177137639713,6.600000000000364,0.0,-23.800000000000182,-14.0,9.800000000000182,-0.0039169217603107764,-0.002305285690762382,202503,False,,False,,,34.52760125587722,0.1026324060970772,44.167286033393154,0.2218836808897605
2024-12-31,202503,5881.4,5870.8,-10.599999999999454,3.1119047619047793,58.676037233331314,-52.45222770952175,-10.599999999999454,0.0,-171.0,-188.19999999999982,-17.199999999999818,-0.028253254907144254,-0.03106123122627491,202503,False,,False,,,34.508387561884405,-0.3973499120268795,44.144488702762125,-0.3896296118823008
2025-01-02,202503,5699.0,5702.400000000001,3.4000000000005457,3.008730158730176,58.57778640991945,-52.5603260924591,3.4000000000005457,0.0,-182.39999999999964,-168.39999999999964,14.0,-0.031013024109905696,-0.028684336035974645,202503,False,,False,,,34.531464264384006,0.011330821023825745,44.17823862125761,0.31689810270669105
2025-01-03,202503,5566.8,5556.200000000001,-10.599999999999454,2.977777777777798,58.537199405100864,-52.58164384954527,-10.599999999999454,0.0,-132.19999999999982,-146.19999999999982,-14.0,-0.023197052114406036,-0.02563832772166097,202503,False,,False,,,34.52042692012195,-0.39332589394665823,44.20046363850266,-0.3167387589981005
2025-01-06,202503,5522.4,5532.8,10.400000000000546,2.836507936507959,58.35207685606344,-52.67906098304753,10.400000000000546,0.0,-44.400000000000546,-23.400000000000546,21.0,-0.0079758568657039,-0.004211511464670248,202503,False,,False,,,34.55073125569176,0.2189097535308057,44.193045021618936,0.4751878941522799
2025-01-07,202503,5585.4,5605.799999999999,20.399999999999636,2.8746031746031986,58.397734632200816,-52.64852828299441,20.399999999999636,0.0,63.0,72.99999999999909,9.99999999999909,0.011408083441981853,0.013194042799305805,202503,False,,False,,,34.53244289246299,0.5075052720704423,44.20070861902841,0.22624071677651994
2025-01-08,202503,5586.2,5576.6,-9.599999999999454,2.94682539682542,58.51376323796376,-52.62011244431292,-9.599999999999454,0.0,0.8000000000001819,-29.19999999999891,-29.99999999999909,0.00014323056540277435,-0.005208890791679854,202503,False,,False,,,34.5470417976663,-0.3631808902860224,44.211430305939885,-0.67855755383622
2025-01-09,202503,5572.6,5567.6,-5.0,2.8682539682539905,58.44999679774879,-52.71348886124081,-5.0,0.0,-13.599999999999454,-9.0,4.599999999999454,-0.002434570906877598,-0.001613886597568448,202503,False,,False,,,34.55991553253808,-0.2276699420994258,44.31469391713889,0.1038030412350515
2025-01-10,202503,5485.6,5468.0,-17.600000000000364,2.819841269841289,58.40768436075846,-52.76800182107588,-17.600000000000364,0.0,-87.0,-99.60000000000036,-12.600000000000364,-0.015612102070846623,-0.017889216179323264,202503,False,,False,,,34.573551577569724,-0.5906202960962053,44.28543888198136,-0.284517898390457
2025-01-13,202503,5470.2,5482.8,12.600000000000364,2.7420634920635103,58.38932967019094,-52.90520268606392,12.600000000000364,0.0,-15.400000000000546,14.800000000000182,30.200000000000728,-0.002807350153128274,0.0027066569129481355,202503,False,,False,,,34.58356443880437,0.2850468616495698,44.27013111671252,0.6821755264375049
2025-01-14,202503,5729.6,5749.4,19.799999999999272,2.7896825396825613,58.450123358142186,-52.87075827877707,19.799999999999272,0.0,259.40000000000055,266.59999999999945,7.199999999998909,0.047420569631823506,0.04862479025315514,202503,False,,False,,,34.5680809739596,0.49208162504394476,44.24252718958561,0.1627393473511554
2025-01-15,202503,5701.8,5712.0,10.199999999999818,2.856349206349225,58.55803040455997,-52.84533199186153,10.199999999999818,0.0,-27.800000000000182,-37.399999999999636,-9.599999999999454,-0.004851996648980728,-0.006505026611472453,202503,False,,False,,,34.5978498193344,0.21225743310634068,44.23428899883362,-0.21702620788711194
2025-01-16,202503,5721.8,5726.8,5.0,2.876984126984145,58.58570675655917,-52.83173850259087,5.0,0.0,20.0,14.800000000000182,-5.199999999999818,0.0035076642463782726,0.002591036414565817,202503,False,,False,,,34.58920080200202,0.06137799728789845,44.238973447822914,-0.11754341465750535
2025-01-17,202503,5788.8,5789.2,0.3999999999996362,2.964285714285732,58.61683884943874,-52.68826742086728,0.3999999999996362,0.0,67.0,62.399999999999636,-4.600000000000364,0.011709601873536313,0.010896137458964894,202503,False,,False,,,34.58807197911338,-0.0741378622039004,44.23787759535287,-0.10398328875713485
2025-01-20,202503,5818.8,5818.4,-0.4000000000005457,2.9253968253968425,58.57134039026237,-52.72054673946868,-0.4000000000005457,0.0,30.0,29.199999999999818,-0.8000000000001819,0.005182421227197365,0.0050438748013541534,202503,False,,False,,,34.589502173435015,-0.09613890389990397,44.2346037131178,-0.018085388651575992
2025-01-21,202503,5829.6,5846.8,17.199999999999818,2.892063492063507,58.53586293428615,-52.75173595015914,17.199999999999818,0.0,10.800000000000182,28.400000000000546,17.600000000000364,0.0018560527943907168,0.004881066959989022,202503,False,,False,,,34.59240127922072,0.4136150130904886,44.22709531040863,0.39794609789484164
2025-01-22,202503,5794.8,5809.799999999999,14.99999999999909,2.943650793650809,58.61641693564101,-52.72911534833939,14.99999999999909,0.0,-34.80000000000018,-37.00000000000091,-2.2000000000007276,-0.00596953478797857,-0.006328247930492026,202503,False,,False,,,34.6103666375825,0.34834503004821116,44.25613323928039,-0.04971062401918284
2025-01-23,202503,5789.2,5783.2,-6.0,3.084920634920648,58.69840501232892,-52.52856374248762,-6.0,0.0,-5.600000000000364,-26.599999999999454,-20.99999999999909,-0.0009663836543107873,-0.004578470859581962,202503,False,,False,,,34.62240087608379,-0.2624000763966737,44.256538819510475,-0.4745061534441833
2025-01-24,202503,5906.2,5917.799999999999,11.599999999999454,3.03492063492065,58.65836902793291,-52.58852775809161,11.599999999999454,0.0,117.0,134.59999999999945,17.599999999999454,0.020210046293097417,0.023274311799695635,202503,False,,False,,,34.64190135216215,0.24724622583524047,44.306630144341646,0.39723174483508156
2025-01-27,202503,5826.2,5806.0,-20.199999999999815,3.1404761904762033,58.727425724084554,-52.446473343132155,-20.199999999999818,3.552713678800501e-15,-80.0,-111.79999999999927,-31.79999999999927,-0.01354508821238698,-0.018892155868734828,202503,False,,False,,,34.64674083525109,-0.6736701816041644,44.34102717471822,-0.7171687718170537
2025-02-05,202503,5825.4,5833.400000000001,8.00000000000091,3.052380952380966,58.71690090912553,-52.6121390043636,8.00000000000091,0.0,-0.8000000000001819,27.400000000000546,28.200000000000724,-0.00013731076859702096,0.004719255942128964,202503,False,,False,,,34.7354722193759,0.14243707459546487,44.45191868465841,0.6343933138196198
2025-02-06,202503,5985.4,6002.599999999999,17.199999999999818,3.1238095238095376,58.767258559642286,-52.51963951202322,17.199999999999818,0.0,160.0,169.1999999999989,9.199999999998909,0.027465925086689325,0.029005382795624923,202503,False,,False,,,34.708840547059715,0.4055505817633172,44.53762177682327,0.2065669344919188
2025-02-07,202503,6067.8,6101.6,33.80000000000018,3.223809523809537,58.87755080515814,-52.429931757539066,33.80000000000018,0.0,82.40000000000055,99.00000000000091,16.600000000000364,0.013766832626056935,0.016492853096991444,202503,False,,False,,,34.61647759683422,0.8832842795936848,44.524816596245536,0.37282579174958635
2025-02-10,202503,6152.4,6150.0,-2.399999999999636,3.2396825396825526,58.92613588740327,-52.44677080803816,-2.399999999999636,0.0,84.59999999999945,48.399999999999636,-36.19999999999982,0.013942450311480226,0.007932345614265035,202503,False,,False,,,34.68172930340631,-0.16261249519435816,44.54320903018865,-0.8126940287455644
2025-02-11,202503,6134.0,6141.8,7.800000000000182,3.413492063492077,58.75257346452836,-51.9255893375442,7.800000000000182,0.0,-18.399999999999636,-8.199999999999818,10.199999999999818,-0.00299070281516145,-0.0013333333333332975,202503,False,,False,,,34.6897132599941,0.1264498182395426,44.674734685187865,0.22831696868211462
2025-02-12,202503,6207.4,6225.4,18.0,3.1230158730158872,57.588149499979366,-51.34211775394759,18.0,0.0,73.39999999999964,83.59999999999945,10.199999999999818,0.011966090642321348,0.013611644794685462,202503,False,,False,,,34.68998190320152,0.4288553441306674,44.68390671362485,0.2282701032694098
2025-02-13,202503,6179.6,6165.0,-14.600000000000364,3.2579365079365226,57.70127437291538,-51.18540135704234,-14.600000000000364,0.0,-27.799999999999272,-60.399999999999636,-32.600000000000364,-0.0044785256306987264,-0.009702187811224894,202503,False,,False,,,34.709209094411825,-0.5145013952741438,44.6955147005093,-0.729379675308424
2025-02-14,202503,6198.4,6209.6,11.200000000000728,3.4142857142857275,57.421826662064205,-50.593255233492755,11.200000000000728,0.0,18.799999999999272,44.600000000000364,25.80000000000109,0.003042268107968038,0.007234387672343967,202503,False,,False,,,34.77089802543147,0.2239146737027189,44.81310283676633,0.5757244726833289
2025-02-17,202503,6203.8,6214.6,10.800000000000182,3.5650793650793817,57.4458822497491,-50.31572351959033,10.800000000000182,0.0,5.400000000000546,5.0,-0.4000000000005457,0.0008711925658235753,0.0008052048441122839,202503,False,,False,,,34.77156994971153,0.20807000217086324,44.88827319809797,-0.00891101331154558
2025-02-18,202503,6102.2,6103.8,1.6000000000003638,3.436507936507951,57.09164757840799,-50.21863170539209,1.6000000000003638,0.0,-101.60000000000036,-110.80000000000018,-9.199999999999818,-0.016377059221767354,-0.017828983361761086,202503,False,,False,,,34.76942602141414,-0.05281962191082764,44.88804929707884,-0.2049543284697498
2025-02-19,202503,6229.6,6239.4,9.799999999999272,3.3500000000000174,56.94614215765239,-50.24614215765236,9.799999999999272,0.0,127.40000000000055,135.59999999999945,8.199999999998909,0.020877716233489663,0.022215668927553223,202503,False,,False,,,34.77103746603847,0.185499210551284,44.88766004418624,0.18267826819056826
2025-02-20,202503,6267.6,6255.4,-12.200000000000728,3.427777777777793,57.00416633882143,-50.148610783265845,-12.200000000000728,0.0,38.0,16.0,-22.0,0.006099910106587947,0.0025643491361349025,202503,False,,False,,,34.745718434002114,-0.44977564091710354,44.86169741493856,-0.4903960676413057
2025-02-21,202503,6403.2,6401.8,-1.3999999999996362,3.469047619047633,56.980903336575665,-50.04280809848039,-1.3999999999996362,0.0,135.59999999999945,146.40000000000055,10.800000000001091,0.02163507562703426,0.023403779134827607,202503,False,,False,,,34.77480168632508,-0.1400165459739195,44.916262200911376,0.24044743419860864
2025-02-24,202503,6356.0,6365.8,9.800000000000182,3.5761904761904897,56.93970773647025,-49.78732678408927,9.800000000000182,0.0,-47.19999999999982,-36.0,11.199999999999818,-0.007371314342828561,-0.0056234184135711685,202503,False,,False,,,34.78198047346601,0.1789377556737353,44.921087217115385,0.24932611149563863
2025-02-25,202503,6358.6,6353.8,-4.800000000000182,3.662698412698427,56.995482013545896,-49.670085188149045,-4.800000000000182,0.0,2.600000000000364,-12.0,-14.600000000000364,0.00040906230333548343,-0.0018850733607715942,202503,False,,False,,,34.78346292319524,-0.2432966042335965,44.9338942506129,-0.32492175992071326
2025-02-26,202503,6412.8,6421.0,8.199999999999818,3.680952380952393,56.99892787795038,-49.6370231160456,8.199999999999818,0.0,54.19999999999982,67.19999999999982,13.0,0.00852388890636302,0.010576348012213188,202503,False,,False,,,34.792492572305655,0.12988571053528153,44.94951111519413,0.2892133791329636
2025-02-27,202503,6391.0,6411.6,20.600000000000364,3.5769841269841365,56.75639878672618,-49.60243053275791,20.600000000000364,0.0,-21.800000000000182,-9.399999999999636,12.400000000000546,-0.0033994510978043735,-0.0014639464257902857,202503,False,,False,,,34.791029843564026,0.4892932445391612,44.95324489136059,0.2758421562218228
2025-02-28,202503,6230.0,6234.0,4.0,4.086507936507948,55.40842362476057,-47.235407751744674,4.0,0.0,-161.0,-177.60000000000036,-16.600000000000364,-0.025191675794085433,-0.027699794123151822,202503,False,,False,,,34.74617083764473,-0.0024897113673954317,44.89331173330666,-0.3697655476747711
2025-03-03,202503,6222.8,6219.400000000001,-3.399999999999636,3.950793650793663,55.090989961967026,-47.1894026603797,-3.399999999999636,0.0,-7.199999999999818,-14.599999999999454,-7.399999999999636,-0.0011556982343499111,-0.002341995508501671,202503,False,,False,,,34.70068697832482,-0.21183423992109565,44.74024563855221,-0.16539918130496656
2025-03-04,202503,6289.8,6283.0,-6.800000000000182,3.684126984126997,54.26883508206488,-46.90058111381089,-6.800000000000182,0.0,67.0,63.599999999999454,-3.4000000000005457,0.010766857363244897,0.01022606682316618,202503,False,,False,,,34.35489990488624,-0.30517122777691574,44.23005897771024,-0.07687079960065116
2025-03-05,202503,6306.6,6310.6,4.0,3.5722222222222357,54.124298728854214,-46.97985428440974,4.0,0.0,16.800000000000182,27.600000000000364,10.800000000000182,0.0026709911284936716,0.004392805984402504,202503,False,,False,,,33.93019429429324,0.012607584090660888,44.227562638808244,0.24419161616931462
2025-03-06,202503,6483.0,6476.8,-6.199999999999818,3.4833333333333485,53.95291945711674,-46.986252790450045,-6.199999999999818,0.0,176.39999999999964,166.19999999999982,-10.199999999999818,0.02797069736466562,0.02633663993915003,202503,False,,False,,,25.34464014024241,-0.38206631775993916,40.83537637436899,-0.24978342078908863
2025-03-07,202503,6443.6,6450.8,7.199999999999818,3.4880952380952523,53.95378383608,-46.97759335988949,7.199999999999818,0.0,-39.399999999999636,-26.0,13.399999999999636,-0.0060774332870584535,-0.0040143280632410905,202503,False,,False,,,24.964041695562443,0.14869005616844433,36.6197060710116,0.3659231992199731
2025-03-10,202503,6429.0,6428.0,-1.0,3.780952380952396,53.46371147240295,-45.90180671049816,-1.0,0.0,-14.600000000000364,-22.800000000000182,-8.199999999999818,-0.002265814141163336,-0.003534445340112935,202503,False,,False,,,20.42874030142416,-0.2340306994170903,31.439796179975318,-0.2608159401880148
2025-03-11,202503,6466.8,6487.6,20.800000000000185,3.670634920634935,53.27151890877566,-45.9302490675058,20.800000000000182,3.552713678800501e-15,37.80000000000018,59.600000000000364,21.800000000000185,0.005879608026131633,0.009271935283136301,202503,False,,False,,,19.81867255439129,0.8643043590510222,30.024738352420666,0.7260679425118993
2025-03-12,202503,6528.6,6513.0,-15.600000000000364,3.665873015873031,53.25992009919329,-45.92817406744722,-15.600000000000364,0.0,61.80000000000018,25.399999999999636,-36.400000000000546,0.00955650398960839,0.003915161230655384,202503,False,,False,,,19.811818123880958,-0.9724434625538236,29.34520310808142,-1.240407158401173
2025-03-13,202503,6404.0,6428.4,24.399999999999636,3.6539682539682654,53.26513298374024,-45.95719647580371,24.399999999999636,0.0,-124.60000000000036,-84.60000000000036,40.0,-0.01908525564439545,-0.012989405803777165,202503,False,,False,,,19.75917339701574,1.04994431341772,29.560652184547013,1.3531501182815653
2025-03-14,202503,6552.8,6562.400000000001,9.600000000000364,3.613492063492072,53.13983406271972,-45.91284993573557,9.600000000000364,0.0,148.80000000000018,134.0000000000009,-14.799999999999272,0.023235477826358597,0.020845000311119577,202503,False,,False,,,19.35779800065969,0.3092556258880415,29.021323821694345,-0.5099698446194177
2025-03-17,202503,6553.0,6548.6,-4.399999999999636,3.934920634920643,52.54912718875817,-44.67928591891688,-4.399999999999636,0.0,0.1999999999998181,-13.800000000000182,-14.0,3.052130387004581e-05,-0.002102889186882839,202503,False,,False,,,19.346730885594003,-0.4308180376420413,28.578097426617813,-0.48988565582257115
2025-03-18,202503,6581.6,6580.799999999999,-0.8000000000010914,3.720634920634929,52.00139626003973,-44.56012641876987,-0.8000000000010914,0.0,28.600000000000364,32.19999999999891,3.599999999998545,0.004364413245841581,0.004917081513605703,202503,False,,False,,,19.070141238823787,-0.23705303825609447,28.30156300784244,0.12720145523414997
2025-03-19,202503,6537.2,6547.6,10.400000000000546,3.670634920634924,51.94389142978936,-44.60262158851951,10.400000000000546,0.0,-44.400000000000546,-33.19999999999891,11.200000000001637,-0.006746079980551878,-0.0050449793338194215,202503,False,,False,,,16.349389634299552,0.4115973274774746,27.55832155390987,0.4064108178029668
2025-03-20,202503,6537.6,6528.8,-8.800000000000182,3.6841269841269897,51.96302069365325,-44.59476672539927,-8.800000000000182,0.0,0.4000000000005457,-18.800000000000182,-19.200000000000728,6.118827632639601e-05,-0.002871281080090493,202503,False,,False,,,16.35560831128954,-0.7632933454092283,25.71720416178625,-0.7465819332153697
2025-03-21,202506,6171.8,6189.799999999999,17.99999999999909,3.674603174603182,51.96243168073649,-44.61322533153013,17.99999999999909,0.0,-365.8000000000002,-339.0000000000009,26.799999999999272,-0.055953255017131664,-0.0519237838500185,202503,True,,False,,,16.295672599022907,0.8790920864631794,25.719356857661193,1.0420167249250707
2025-03-24,202506,6108.0,6152.4,44.39999999999963,3.803968253968256,52.069851386979614,-44.4619148790431,44.399999999999636,-7.105427357601002e-15,-63.80000000000018,-37.399999999999636,26.40000000000054,-0.010337340808192153,-0.006042198455523562,202506,False,,False,,,16.30117688011415,2.490374286751933,25.662932353293215,1.028721100011501
2025-03-25,202506,6103.6,6125.4,21.799999999999272,4.076984126984129,52.48032050205277,-44.32635224808451,21.799999999999272,0.0,-4.399999999999636,-27.0,-22.600000000000357,-0.000720366732154476,-0.004388531304856613,202506,False,,False,,,16.74225332697623,1.0585800804040304,25.72961340674619,-0.8783653155890301
2025-03-26,202506,6142.6,6139.0,-3.600000000000364,4.1484126984127005,52.60320525965136,-44.30637986282596,-3.600000000000364,0.0,39.0,13.600000000000364,-25.399999999999636,0.00638967166917892,0.0022202631664871575,202506,False,,False,,,16.56214498380709,-0.46783871931979426,25.73302276465141,-0.9870585446685558
2025-03-27,202506,6148.0,6148.6,0.6000000000003638,4.017460317460316,52.37646359504714,-44.34154296012652,0.6000000000003638,0.0,5.399999999999636,9.600000000000364,4.200000000000728,0.0008791065672515419,0.0015637726014008368,202506,False,,False,,,16.56490863179746,-0.20630722410988164,25.777620784962682,0.16293202677769192
2025-03-28,202506,6095.2,6087.6,-7.599999999999454,3.98253968253968,52.338642915885565,-44.3735635508062,-7.599999999999454,0.0,-52.80000000000018,-61.0,-8.199999999999818,-0.008588158750813313,-0.00992095761636791,202506,False,,False,,,16.558357894477826,-0.6994980876939425,25.732769580887272,-0.31865983077430876
2025-03-31,202506,6040.8,6048.6,7.800000000000182,3.988095238095238,52.33852988401791,-44.36233940782743,7.800000000000182,0.0,-54.399999999999636,-39.0,15.399999999999636,-0.008925055781598523,-0.0064064656022078115,202506,False,,False,,,16.441690664867522,0.23184384377515338,25.563785227378247,0.6024146996629661
2025-04-01,202506,6070.0,6071.799999999999,1.7999999999992724,3.947619047619048,52.26801530391443,-44.37277720867633,1.7999999999992724,0.0,29.199999999999818,23.19999999999891,-6.0000000000009095,0.004833796848099592,0.003835598320272249,202506,False,,False,,,16.28809554753583,-0.13185206590617535,25.191310350430847,-0.23817736816927
2025-04-02,202506,6098.6,6101.0,2.399999999999636,3.828571428571429,52.02104646328563,-44.36390360614278,2.399999999999636,0.0,28.600000000000364,29.200000000000728,0.6000000000003638,0.004711696869851734,0.0048091175598670155,202506,False,,False,,,16.262818596014306,-0.08784279429409042,25.166829218820954,0.023840905613634285
2025-04-03,202506,6036.2,6043.4,7.199999999999818,3.727777777777777,51.8250639086633,-44.369508353107754,7.199999999999818,0.0,-62.400000000000546,-57.600000000000364,4.800000000000182,-0.010231856491653923,-0.009441075233568297,202506,False,,False,,,16.032070258319,0.21657977829908237,24.888851587273777,0.19285743189752189
2025-04-07,202506,5432.6,5333.200000000001,-99.39999999999964,3.807142857142859,51.86088885335681,-44.2466031390711,-99.39999999999964,0.0,-603.5999999999995,-710.1999999999989,-106.59999999999945,-0.09999668665716832,-0.11751662971175147,202506,False,,False,,,16.03266866889179,-6.437302796470525,24.75575158147382,-4.306070031813313
2025-04-08,202506,5270.4,5334.8,64.40000000000055,3.418253968253974,53.196477023579696,-46.359969087071754,64.40000000000055,0.0,-162.20000000000073,1.5999999999994543,163.80000000000018,-0.029856790487059692,0.000300007500187327,202506,False,,False,,,19.146326493137458,3.18503635951283,26.949155268708807,6.0781125926492985
2025-04-09,202506,5451.0,5446.0,-5.0,3.7031746031746096,54.051399046017686,-46.64504983966847,-5.0,0.0,180.60000000000036,111.19999999999982,-69.40000000000055,0.03426684881602915,0.02084426782634763,202506,False,,False,,,19.89052096458068,-0.4375538789895182,31.443792661981846,-2.207112886986782
2025-04-10,202506,5598.0,5593.2,-4.800000000000182,3.757936507936515,54.037840555454785,-46.52196753958176,-4.800000000000182,0.0,147.0,147.19999999999982,0.1999999999998181,0.026967528893780957,0.02702901211898645,202506,False,,False,,,19.89478130647137,-0.43015986836472403,32.1584724372125,0.006219200877476571
2025-04-11,202506,5685.4,5676.0,-9.399999999999636,3.861904761904772,53.9612028597012,-46.23739333589165,-9.399999999999636,0.0,87.39999999999964,82.80000000000018,-4.599999999999454,0.015612718828152738,0.014803690195237085,202506,False,,False,,,19.881745243800744,-0.6670392663863126,32.15708816407242,-0.14304777772568397
2025-04-14,202506,5702.0,5704.8,2.800000000000182,3.874603174603187,53.95876460772743,-46.20955825852106,2.800000000000182,0.0,16.600000000000364,28.800000000000182,12.199999999999818,0.002919759383684495,0.0050739957716701145,202506,False,,False,,,19.87641981460605,-0.054064222059414364,32.15897248220344,0.37936535462229765
2025-04-15,202506,5673.2,5684.2,11.0,4.106349206349221,53.62256649283904,-45.4098680801406,11.0,0.0,-28.800000000000182,-20.600000000000364,8.199999999999818,-0.005050859347597414,-0.0036109942504558568,202506,False,,False,,,19.876596664154913,0.3468224923073808,32.1545070438396,0.255018681792257
2025-04-16,202506,5594.4,5615.0,20.600000000000364,4.145238095238111,53.667681682927245,-45.37720549245102,20.600000000000364,0.0,-78.80000000000018,-69.19999999999982,9.600000000000364,-0.013889868152012985,-0.012174096618697394,202506,False,,False,,,19.873302125558716,0.8279832813289778,32.15311374085456,0.2985713942784447
2025-04-17,202506,5672.6,5665.599999999999,-7.0000000000009095,4.154761904761923,53.688981922446615,-45.37945811292276,-7.0000000000009095,0.0,78.20000000000073,50.599999999999454,-27.600000000001273,0.013978263978264183,0.009011576135351529,202506,False,,False,,,19.676658581407878,-0.5669032604602271,32.07368007471797,-0.8605186537904309
2025-04-18,202506,5670.4,5651.4,-19.0,4.07857142857144,53.62215910902141,-45.46501625187854,-19.0,0.0,-2.2000000000007276,-14.199999999999818,-11.99999999999909,-0.0003878292141170636,-0.0025063541372493114,202506,False,,False,,,19.69201201943917,-1.1719763021568945,31.934263287528314,-0.3757719378698052
2025-04-21,202506,5770.0,5776.0,6.0,3.953968253968267,53.57139643992718,-45.66345993199064,6.0,0.0,99.60000000000036,124.60000000000036,25.0,0.01756489841986464,0.022047634214531042,202506,False,,False,,,19.564750409495595,0.10457745195863617,31.86765714195474,0.7844944449049798
2025-04-22,202506,5782.6,5777.2,-5.400000000000546,3.962698412698425,53.580791977498514,-45.65539515210167,-5.400000000000546,0.0,12.600000000000364,1.199999999999818,-11.400000000000546,0.002183708838821463,0.00020775623268698418,202506,False,,False,,,19.51378233480379,-0.4797992645434062,31.918773172039177,-0.3571565842632992
2025-04-23,202506,5821.6,5822.2,0.5999999999994543,3.981746031746041,53.58168756103726,-45.61819549754518,0.5999999999994543,0.0,39.0,45.0,6.0,0.00674437104416703,0.007789240462507729,202506,False,,False,,,19.459792891856253,-0.17378119338370845,31.93741986884343,0.18786739895207702
2025-04-24,202506,5761.6,5771.2,9.599999999999454,3.903968253968262,53.46322989948261,-45.655293391546095,9.599999999999454,0.0,-60.0,-51.0,9.0,-0.010306444963583905,-0.008759575418226806,202506,False,,False,,,18.614570050952498,0.30599856620055155,31.07608200412788,0.2896117985145141
2025-04-25,202506,5785.0,5787.4,2.399999999999636,3.911111111111116,53.473146589681946,-45.65092436745971,2.399999999999636,0.0,23.399999999999636,16.199999999999818,-7.199999999999818,0.00406137184115507,0.0028070418630441463,202506,False,,False,,,17.97136611390461,-0.08408437630917324,29.237916713360068,-0.24625557527188066
2025-04-28,202506,5733.2,5734.4,1.199999999999818,3.972222222222226,53.48847422134605,-45.5440297769016,1.199999999999818,0.0,-51.80000000000018,-53.0,-1.199999999999818,-0.008954191875540252,-0.009157825621177063,202506,False,,False,,,17.919493476787935,-0.15470427363437553,28.56952929329445,-0.042002792124456526
2025-04-29,202506,5769.0,5766.0,-3.0,4.02063492063492,53.5019433475556,-45.46067350628576,-3.0,0.0,35.80000000000018,31.600000000000364,-4.199999999999818,0.006244331263517866,0.005510602678571397,202506,False,,False,,,16.93210016984352,-0.41463462005373913,27.637004252277592,-0.15197016151465448
2025-04-30,202506,5814.0,5808.8,-5.199999999999818,3.8587301587301575,53.16284873178002,-45.445388414319694,-5.199999999999818,0.0,45.0,42.80000000000018,-2.199999999999818,0.007800312012480548,0.007422823447797544,202506,False,,False,,,16.863573198171846,-0.5371773853783265,26.59933157814395,-0.08270884527818387
2025-05-06,202506,5947.8,5955.8,8.0,3.9507936507936487,53.09940637718311,-45.19781907559581,8.0,0.0,133.80000000000018,147.0,13.199999999999818,0.023013415892672917,0.02530643162098878,202506,False,,False,,,16.834029508556416,0.24053696396030533,26.59821297255398,0.49627394192311197
2025-05-07,202506,5945.0,5965.400000000001,20.400000000000546,3.878571428571424,52.94931218290202,-45.19216932575917,20.400000000000546,0.0,-2.800000000000182,9.600000000000364,12.400000000000546,-0.0004707622986650506,0.0016118741394943736,202506,False,,False,,,16.840414472214107,0.9810583105711979,26.60393067335601,0.4660965385998099
2025-05-08,202506,6015.6,6015.2,-0.4000000000005457,3.987301587301584,53.08265873507482,-45.10805556047165,-0.4000000000005457,0.0,70.60000000000036,49.79999999999927,-20.80000000000109,0.011875525651808383,0.008348140946122573,202506,False,,False,,,16.771581904995084,-0.2615913997948791,26.54319871416789,-0.7836282365206697
2025-05-09,202506,5944.0,5948.4,4.399999999999636,3.9595238095238066,53.05686547332384,-45.13781785427622,4.399999999999636,0.0,-71.60000000000036,-66.80000000000018,4.800000000000182,-0.011902387126803693,-0.011105200159595707,202506,False,,False,,,16.752192680242146,0.02629364399535206,26.435549603295353,0.18157367908105956
2025-05-12,202506,6022.2,6034.2,12.0,4.008730158730154,53.082786042211,-45.06532572475069,12.0,0.0,78.19999999999982,85.80000000000018,7.600000000000364,0.01315612382234188,0.014424046802501644,202506,False,,False,,,16.738185943729615,0.477427474407016,26.4392805415647,0.28745108960330995
2025-05-13,202506,5997.0,6001.2,4.199999999999818,4.069047619047614,53.14488592590471,-45.00679068780948,4.199999999999818,0.0,-25.199999999999818,-33.0,-7.800000000000182,-0.0041845172860416335,-0.005468827682211352,202506,False,,False,,,16.720265209824504,0.007831955971323867,26.38630644248592,-0.2956078758882679
2025-05-14,202506,6026.0,6041.799999999999,15.799999999999272,4.013492063492055,53.056774699799895,-45.02979057281579,15.799999999999272,0.0,29.0,40.599999999999454,11.599999999999454,0.004835751208937866,0.006765313603945833,202506,False,,False,,,16.714169758234167,0.7051805807285547,26.349645887257097,0.4402336202024373
2025-05-15,202506,5943.0,5947.799999999999,4.799999999999272,4.058730158730149,53.12447039810156,-45.00701008064126,4.799999999999272,0.0,-83.0,-94.0,-11.0,-0.013773647527381305,-0.01555827733456916,202506,False,,False,,,16.6550916169103,0.044507100790517125,26.2739488444123,-0.41866565490932584
2025-05-16,202506,5948.8,5939.599999999999,-9.200000000000728,4.028571428571417,53.083063331637376,-45.02592047449454,-9.200000000000728,0.0,5.800000000000182,-8.199999999999818,-14.0,0.0009759380784115645,-0.001378661017519045,202506,False,,False,,,16.648903989164065,-0.7945610976663664,26.26124932598643,-0.533104873504495
2025-05-19,202506,5966.6,5978.6,12.0,3.980158730158715,53.06279995919555,-45.102482498878125,12.0,0.0,17.800000000000182,39.00000000000091,21.200000000000728,0.0029922001075848303,0.006566098727187164,202506,False,,False,,,16.70127751721616,0.4801932823147332,26.294574007240143,0.8062499888442141
2025-05-20,202506,6011.6,6018.2,6.599999999999454,4.051587301587287,53.12829112741128,-45.0251165242367,6.599999999999454,0.0,45.0,39.599999999999454,-5.400000000000546,0.0075419837093151365,0.0066236242598600725,202506,False,,False,,,16.64108715854169,0.1531397963446213,26.32967822734571,-0.20509175818154002
2025-05-21,202506,5998.6,6002.8,4.199999999999818,4.067460317460303,53.14486615496055,-45.00994552003995,4.199999999999818,0.0,-13.0,-15.399999999999636,-2.399999999999636,-0.002162485860669361,-0.002558904655877159,202506,False,,False,,,16.60680875333055,0.007981044673193688,26.193995456589,-0.09162405193118124
2025-05-22,202506,5949.2,5951.0,1.800000000000182,4.050793650793634,53.12514326746332,-45.02355596587605,1.800000000000182,0.0,-49.400000000000546,-51.80000000000018,-2.399999999999636,-0.008235254892808408,-0.008629306323715613,202506,False,,False,,,16.594058082228198,-0.13563853034864287,26.136719864063522,-0.09182483542242412
2025-05-23,202506,5896.2,5875.4,-20.800000000000185,4.068253968253949,53.13623121354262,-44.999723277034725,-20.800000000000182,-3.552713678800501e-15,-53.0,-75.60000000000036,-22.600000000000367,-0.008908760841793817,-0.012703747269366517,202506,False,,False,,,16.566806169768086,-1.5010892089529564,26.135832518099527,-0.8647132240516718
2025-05-26,202506,5921.2,5923.2,2.0,3.9777777777777583,53.14505150396917,-45.18949594841365,2.0,0.0,25.0,47.80000000000018,22.800000000000185,0.004240018995285144,0.00813561629846471,202506,False,,False,,,16.748052804050744,-0.11809001326407366,26.19504803229321,0.8703935175798259
2025-05-27,202506,5918.0,5922.0,4.0,3.945238095238076,53.106827786455,-45.21635159597885,4.0,0.0,-3.199999999999818,-1.199999999999818,2.0,-0.0005404309937174778,-0.00020259319286863864,202506,False,,False,,,16.720269076178088,0.0032751808306688782,26.29126951147966,0.07607087969360826
2025-05-28,202506,5892.6,5900.2,7.599999999999454,3.9134920634920447,53.06452430240997,-45.237540175425885,7.599999999999454,0.0,-25.399999999999636,-21.800000000000182,3.5999999999994543,-0.004291990537343637,-0.003681188787571843,202506,False,,False,,,16.71711347177742,0.22052299535629385,26.283910275945374,0.1369659218207771
2025-05-29,202506,6019.0,6028.0,9.0,3.9357142857142646,53.08833594801987,-45.216907376591344,9.0,0.0,126.39999999999964,127.80000000000018,1.4000000000005457,0.02145063299731853,0.021660282702281375,202506,False,,False,,,16.583656917811464,0.30537810444248303,26.22350946164254,0.05338720974964634
2025-05-30,202506,5957.4,5966.4,9.0,4.01349206349204,53.1357631425849,-45.108779015600824,9.0,0.0,-61.600000000000364,-61.600000000000364,0.0,-0.010234258182422407,-0.010218978102189857,202506,False,,False,,,16.486117698466067,0.30246708337960754,26.22262451326418,0.0
2025-06-03,202506,6004.8,5999.8,-5.0,4.088888888888869,53.1830984920183,-45.00532071424057,-5.0,0.0,47.400000000000546,33.400000000000546,-14.0,0.007956491086715811,0.005598015553767821,202506,False,,False,,,16.491724769064792,-0.5511181526590733,26.12771082064558,-0.5358295679289855
2025-06-04,202506,6051.8,6052.8,1.0,3.9103174603174407,52.80692570264081,-44.98629078200592,1.0,0.0,47.0,53.0,6.0,0.007827071675992503,0.00883362778759289,202506,False,,False,,,16.500122436031795,-0.17638156756716522,26.16374382440514,0.22932497888177958
2025-06-05,202506,6100.8,6102.8,2.0,3.905555555555537,52.80306642552161,-44.99195531441053,2.0,0.0,49.0,50.0,1.0,0.008096764598962247,0.008260639703938644,202506,False,,False,,,16.4990322336331,-0.11549498955890773,26.152097159856854,0.038237851208926664
2025-06-06,202506,6094.2,6100.400000000001,6.200000000000728,3.8507936507936313,52.725713255788854,-45.02412595420159,6.200000000000728,0.0,-6.600000000000364,-2.399999999999636,4.200000000000728,-0.0010818253343823914,-0.00039326210919576887,202506,False,,False,,,16.438621682740994,0.14290774461179687,26.0948488279496,0.16095130604865596
2025-06-09,202506,6169.0,6172.0,3.0,3.887301587301571,52.75541409597777,-44.980810921374626,3.0,0.0,74.80000000000018,71.59999999999945,-3.2000000000007276,0.012273965409733911,0.011736935282932182,202506,False,,False,,,16.44069648798677,-0.053969829559831775,26.06059791402283,-0.12279073605900861
2025-06-10,202506,6105.6,6113.400000000001,7.800000000000182,3.850793650793635,52.70771131702536,-45.00612401543809,7.800000000000182,0.0,-63.399999999999636,-58.599999999999454,4.800000000000182,-0.010277192413681302,-0.009494491250810033,202506,False,,False,,,16.37811005241107,0.24112711030569564,26.02422926987304,0.18444350263840106
2025-06-11,202506,6152.0,6144.8,-7.199999999999818,3.92222222222221,52.749266448729585,-44.904822004285165,-7.199999999999818,0.0,46.399999999999636,31.399999999999636,-15.0,0.007599580712788212,0.005136258056073428,202506,False,,False,,,16.36949848981576,-0.6794479518808526,25.943336156113354,-0.5781831569285418
2025-06-12,202506,6152.8,6154.8,2.0,3.811904761904752,52.61323781889081,-44.98942829508131,2.0,0.0,0.8000000000001819,10.0,9.199999999999818,0.00013003901170360876,0.0016273922666318885,202506,False,,False,,,16.317984006003982,-0.11103729242767281,25.966190605197795,0.35430688081594086
2025-06-13,202506,6083.6,6084.4,0.7999999999992724,3.8063492063491986,52.60818932600112,-44.99549091330273,0.7999999999992724,0.0,-69.19999999999982,-70.40000000000055,-1.2000000000007276,-0.01124691197503569,-0.011438227074803464,202506,False,,False,,,16.265481700505976,-0.18483001374969465,25.808340676704823,-0.04649659639233893
2025-06-16,202506,6128.8,6130.599999999999,1.7999999999992724,3.7714285714285594,52.5692134936785,-45.02635635082138,1.7999999999992724,0.0,45.19999999999982,46.19999999999982,1.0,0.007429811295943223,0.0075931891394385165,202506,False,,False,,,16.24498505366931,-0.12135613328766921,25.80467884909748,0.03875266209852385
2025-06-17,202506,6118.0,6127.4,9.399999999999636,3.738888888888874,52.53092972779341,-45.05315195001567,9.399999999999636,0.0,-10.800000000000182,-3.199999999999818,7.600000000000364,-0.00176217204020368,-0.0005219717482790598,202506,False,,False,,,16.104290789046928,0.3515281228628258,25.7731118992198,0.2948809608136777
2025-06-18,202506,6121.2,6122.599999999999,1.3999999999996362,3.798412698412683,52.581297713137246,-44.98447231631188,1.3999999999996362,0.0,3.199999999999818,-4.800000000000182,-8.0,0.0005230467473029687,-0.0007833665176094629,202506,False,,False,,,16.089820987007254,-0.14906397655696713,25.605881900039996,-0.3124282159556279
2025-06-19,202506,6046.6,6050.8,4.199999999999818,3.720634920634904,52.45585622915722,-45.01458638788742,4.199999999999818,0.0,-74.59999999999945,-71.79999999999927,2.800000000000182,-0.012187152845847149,-0.01172704406624625,202506,False,,False,,,16.009755990291882,0.029942060307202388,25.60763270053014,0.10934239930511871
2025-06-20,202509,5792.8,5811.6,18.800000000000185,3.6880952380952223,52.4109923784382,-45.03480190224776,18.800000000000182,3.552713678800501e-15,-253.80000000000018,-239.19999999999982,14.600000000000367,-0.04197400191843348,-0.03953196271567394,202506,True,,False,,,15.995985733800826,0.9447310727448496,25.591594263931764,0.5704998230836009
2025-06-23,202509,5856.2,5862.0,5.800000000000182,3.8047619047618872,52.53105891663709,-44.921535107113314,5.800000000000182,0.0,63.399999999999636,50.399999999999636,-13.000000000000004,0.010944620908714287,0.008672310551311124,202509,False,,False,,,16.068125672469165,0.12417366753963714,25.627994400063873,-0.507257797745094
2025-06-24,202509,5988.6,5998.6,10.0,3.7944444444444256,52.517934892786535,-44.92904600389769,10.0,0.0,132.40000000000055,136.60000000000036,4.199999999999818,0.02260851746866588,0.02330262708973052,202509,False,,False,,,16.066092156206413,0.38625170920349394,25.65743013655361,0.1636952718041767
2025-06-25,202509,6101.4,6124.400000000001,23.00000000000091,3.857142857142839,52.571713947726856,-44.857428233441176,23.00000000000091,0.0,112.79999999999927,125.80000000000018,13.00000000000091,0.018835787997194542,0.020971560030673908,202509,False,,False,,,16.07277326425158,1.1910114594495553,25.660620775535943,0.5066128412760269
2025-06-26,202509,6104.8,6109.8,5.0,3.92539682539681,52.69906182787527,-44.84826817708165,5.0,0.0,3.4000000000005457,-14.600000000000364,-18.00000000000091,0.0005572491559315829,-0.002383906994971041,202509,False,,False,,,16.13186369464566,0.06661370285194403,25.633048349284874,-0.702218470262554
2025-06-27,202509,6118.8,6123.2,4.399999999999636,3.980952380952366,52.72737790260793,-44.76547314070319,4.399999999999636,0.0,14.0,13.399999999999636,-0.6000000000003638,0.002293277421045792,0.002193197813348924,202509,False,,False,,,16.093233912976544,0.02603874530832348,25.695725384396365,-0.02335018727919281
2025-06-30,202509,6155.6,6164.6,9.0,3.978571428571412,52.724855673227374,-44.76771281608455,9.0,0.0,36.80000000000018,41.400000000000546,4.600000000000364,0.006014251160358253,0.006761170629736135,202509,False,,False,,,16.06291720363738,0.312610001518996,25.608954873187987,0.17962466733917606
2025-07-01,202509,6134.0,6147.8,13.800000000000182,3.995238095238078,52.7455220720536,-44.755045881577445,13.800000000000182,0.0,-21.600000000000364,-16.800000000000182,4.800000000000182,-0.0035089999350186307,-0.0027252376472115536,202509,False,,False,,,16.05241553301076,0.6107966669937769,25.55217526172811,0.1878509344443012
2025-07-02,202509,6107.4,6127.0,19.600000000000364,4.051587301587287,52.81429419432705,-44.71111959115247,19.600000000000364,0.0,-26.600000000000364,-20.800000000000182,5.800000000000182,-0.004336485164656123,-0.0033833241159439975,202509,False,,False,,,15.896850714096283,0.9780813179950018,25.353811499965197,0.22876244859705389
2025-07-03,202509,6138.6,6147.2,8.599999999999454,4.077777777777765,52.866868641817646,-44.71131308626212,8.599999999999454,0.0,31.200000000000728,20.199999999999818,-11.00000000000091,0.005108556832694955,0.003296882650563049,202509,False,,False,,,15.96698348518475,0.2832233293419332,25.203690286154792,-0.43644402367710283
2025-07-04,202509,6107.2,6126.2,19.0,4.136507936507921,52.91154304497734,-44.638527171961506,19.0,0.0,-31.400000000000546,-21.0,10.400000000000546,-0.005115172840712945,-0.003416189484643395,202509,False,,False,,,15.920011674530036,0.9336357514907949,25.21109672306637,0.41251676252883046
2025-07-07,202509,6112.8,6126.2,13.399999999999636,4.205555555555538,53.01542201001692,-44.60431089890585,13.399999999999636,0.0,5.600000000000364,0.0,-5.600000000000364,0.0009169504846739951,0.0,202509,False,,False,,,15.709800582548308,0.5852680558312126,25.177248347336214,-0.22242303538277053
2025-07-08,202509,6226.2,6237.8,11.600000000000364,4.291269841269822,53.0895097666928,-44.50697008415315,11.600000000000364,0.0,113.39999999999964,111.60000000000036,-1.7999999999992724,0.018551236749116518,0.018216839149880926,202509,False,,False,,,15.72333670604678,0.4648332790532812,24.91928456907127,-0.07223321339784185
2025-07-09,202509,6219.8,6227.4,7.599999999999454,4.396825396825375,53.14253313886151,-44.348882345210754,7.599999999999454,0.0,-6.399999999999636,-10.400000000000546,-4.0000000000009095,-0.0010279142976453715,-0.0016672544807464496,202509,False,,False,,,15.736599044741222,0.20354935612625272,24.89932366936759,-0.16064693375273933
2025-07-10,202509,6241.8,6241.0,-0.8000000000001819,4.369047619047594,53.09938104249776,-44.36128580440258,-0.8000000000001819,0.0,22.0,13.600000000000364,-8.399999999999636,0.0035370912247982833,0.0021838969714487177,202509,False,,False,,,15.67929858253885,-0.32967339653855765,24.8812692521095,-0.3376033559577135
2025-07-11,202509,6321.2,6324.6,3.4000000000005457,4.315873015872992,53.039380518857826,-44.40763448711185,3.4000000000005457,0.0,79.39999999999964,83.60000000000036,4.200000000000728,0.012720689544682529,0.013395289216471706,202509,False,,False,,,15.572705855976615,-0.058812708873001995,24.67887814027688,0.17018601802430258
2025-07-14,202509,6312.0,6315.8,3.800000000000182,4.291269841269818,53.01032307617985,-44.42778339364022,3.800000000000182,0.0,-9.199999999999818,-8.800000000000182,0.3999999999996362,-0.0014554198569891597,-0.0013913923410175943,202509,False,,False,,,15.557414030395023,-0.031577859939307805,24.546174093456436,0.016295818585686187
2025-07-15,202509,6274.8,6287.0,12.199999999999818,4.316666666666646,53.02796512615724,-44.394631792823944,12.199999999999818,0.0,-37.19999999999982,-28.800000000000182,8.399999999999636,-0.005893536121672982,-0.004559992400012702,202509,False,,False,,,15.543341164159497,0.5071839606474636,24.54619845487011,0.34221185066370335
2025-07-16,202509,6300.8,6310.2,9.399999999999636,4.408730158730137,53.09146117805998,-44.274000860599706,9.399999999999636,0.0,26.0,23.199999999999818,-2.800000000000182,0.004143558360425903,0.003690154286623226,202509,False,,False,,,15.561770821828462,0.32073919468523826,24.543170870196164,-0.11408468835623613
2025-07-17,202509,6383.6,6393.0,9.399999999999636,4.429365079365057,53.116148825352,-44.25741866662189,9.399999999999636,0.0,82.80000000000018,82.80000000000018,0.0,0.013141188420518146,0.01312161262717515,202509,False,,False,,,15.560387936271812,0.31944158082639146,24.531175465048126,0.0
2025-07-18,202509,6403.8,6422.400000000001,18.600000000000364,4.470634920634897,53.1565676220077,-44.21529778073791,18.600000000000364,0.0,20.199999999999818,29.400000000000546,9.200000000000728,0.0031643586690894843,0.0045987799155327025,202509,False,,False,,,15.47913081891523,0.9128009346687365,24.43036163663934,0.3765805900393657
2025-07-21,202509,6472.6,6479.599999999999,6.9999999999990905,4.507142857142836,53.221709040697384,-44.20742332641171,6.9999999999990905,0.0,68.80000000000018,57.19999999999891,-11.600000000001273,0.010743620975045998,0.008906327852516105,202509,False,,False,,,15.531403703789996,0.1605043040796077,24.423882996077218,-0.47494495457026137
2025-07-22,202509,6495.8,6513.6,17.800000000000182,4.536507936507911,53.248116233711094,-44.175100360695275,17.800000000000182,0.0,23.199999999999818,34.00000000000091,10.800000000001091,0.0035843401415196485,0.005247237483795519,202509,False,,False,,,15.524617140971236,0.8543522808358606,24.42657966108648,0.44214131285872854
2025-07-23,202509,6499.2,6508.8,9.600000000000364,4.567460317460292,53.302917140870846,-44.167996505950256,9.600000000000364,0.0,3.399999999999636,-4.800000000000182,-8.199999999999818,0.0005234151297761613,-0.0007369196757553986,202509,False,,False,,,15.549991198152712,0.32363617563577274,24.405574044559046,-0.3359888189898126
2025-07-24,202509,6603.6,6625.0,21.399999999999636,4.653968253968229,53.3472723629292,-44.039335854992736,21.399999999999636,0.0,104.40000000000055,116.19999999999982,11.799999999999272,0.016063515509601167,0.017852753195673587,202509,False,,False,,,15.55363480205049,1.0766635554425976,24.385560473279458,0.48389291740614915
2025-07-25,202509,6604.4,6611.6,7.200000000000728,4.760317460317436,53.48249483899769,-43.96185991836281,7.200000000000728,0.0,0.7999999999992724,-13.399999999999636,-14.199999999998909,0.00012114604155288866,-0.0020226415094338757,202509,False,,False,,,15.561995146165973,0.1567718352800257,24.382555777904738,-0.5823835749354391
2025-07-28,202509,6605.0,6609.8,4.800000000000182,4.773809523809502,53.49680198433567,-43.94918293671666,4.800000000000182,0.0,0.6000000000003638,-1.800000000000182,-2.4000000000005457,9.084852522556197e-05,-0.00027224877488052357,202509,False,,False,,,15.563399176895592,0.0016828249338717832,24.367219576697686,-0.09849297710993912
2025-07-29,202509,6633.0,6667.8,34.80000000000018,4.824603174603154,53.52079729772515,-43.87159094851884,34.80000000000018,0.0,28.0,58.0,30.0,0.004239212717638052,0.008774849465944534,202509,False,,False,,,15.540599029053503,1.92884436239281,24.356943216017314,1.2316816496198
2025-07-30,202509,6596.2,6618.0,21.800000000000185,4.944444444444422,53.78684360472968,-43.89795471584084,21.800000000000182,3.552713678800501e-15,-36.80000000000018,-49.80000000000018,-12.999999999999996,-0.005548017488316015,-0.007468730315846384,202509,False,,False,,,15.775948834100669,1.0684337108853612,24.5370497843816,-0.5298110455102388
2025-07-31,202509,6526.6,6540.2,13.599999999999454,5.016666666666648,53.90488455815443,-43.87155122482115,13.599999999999454,0.0,-69.59999999999945,-77.80000000000018,-8.200000000000731,-0.01055152966859696,-0.011755817467512863,202509,False,,False,,,15.859756070831082,0.541202102667839,24.550733207179576,-0.33400224469070994
2025-08-01,202509,6549.8,6553.2,3.399999999999636,5.083333333333315,53.97237267070101,-43.805706004034384,3.399999999999636,0.0,23.199999999999818,13.0,-10.199999999999818,0.003554683908926437,0.001987706797957234,202509,False,,False,,,15.834325455360053,-0.10630912810775002,24.54300690377601,-0.415596998362516
2025-08-04,202509,6622.6,6642.2,19.599999999999454,5.074603174603154,53.96405770528755,-43.81485135608124,19.599999999999454,0.0,72.80000000000018,89.0,16.199999999999818,0.011114843201319058,0.01358115119331016,202509,False,,False,,,15.835525334710667,0.9172664953247474,24.528238848521312,0.6604632358664608
2025-08-05,202509,6673.2,6687.0,13.800000000000182,5.162698412698387,54.07661570238996,-43.75121887699318,13.800000000000182,0.0,50.599999999999454,44.80000000000018,-5.799999999999272,0.00764050372965297,0.006744753244406931,202509,False,,False,,,15.880414085128642,0.543896496716057,24.567556087678344,-0.23608371867758612
2025-08-06,202509,6770.4,6771.799999999999,1.3999999999996362,5.192063492063469,54.117847458036,-43.73372047390907,1.3999999999996362,0.0,97.19999999999982,84.79999999999927,-12.400000000000546,0.014565725588922884,0.012681321967997539,202509,False,,False,,,15.82978448266676,-0.2395524396567782,24.477379786491245,-0.5065901705232334
2025-08-07,202509,6748.8,6754.0,5.199999999999818,5.296825396825373,54.07582248713611,-43.482171693485355,5.199999999999818,0.0,-21.599999999999454,-17.799999999999272,3.800000000000182,-0.0031903580290676414,-0.002628547801175385,202509,False,,False,,,15.687068469657346,-0.006172306636694979,24.234016913371676,0.15680438012335646
2025-08-08,202509,6742.8,6739.599999999999,-3.2000000000007276,5.338888888888862,54.099120037393575,-43.421342259615855,-3.2000000000007276,0.0,-6.0,-14.400000000000546,-8.400000000000546,-0.0008890469416785729,-0.002132069884512977,202509,False,,False,,,15.577719779715968,-0.5481475472429689,23.901124947110386,-0.3514478928748538
2025-08-11,202509,6862.4,6863.2,0.8000000000001819,5.342857142857112,54.10013338282321,-43.41441909710898,0.8000000000001819,0.0,119.59999999999945,123.60000000000036,4.0000000000009095,0.017737438452868126,0.018339367321502875,202509,False,,False,,,15.599499991986944,-0.2912181252726355,23.870162601588444,0.16757321961999241
2025-08-12,202509,6879.8,6884.8,5.0,5.315079365079335,54.07470976715299,-43.44455103699432,5.0,0.0,17.400000000000546,21.600000000000364,4.199999999999818,0.0025355560736768368,0.003147219955705882,202509,False,,False,,,15.573929393948,-0.020231205440148836,23.832337254031717,0.17623114154652642
2025-08-13,202509,6995.4,7004.6,9.200000000000728,5.34999999999997,54.09601710157394,-43.396017101574,9.200000000000728,0.0,115.59999999999945,119.80000000000018,4.200000000000728,0.016802814035291602,0.017400650708807808,202509,False,,False,,,15.55984264156626,0.24743180819296606,23.83331502436273,0.17622391160052356
2025-08-14,202509,6936.2,6931.4,-4.800000000000182,5.389682539682513,54.131874996441105,-43.35250991707608,-4.800000000000182,0.0,-59.19999999999982,-73.20000000000073,-14.00000000000091,-0.00846270406266969,-0.010450275533221087,202509,False,,False,,,15.556777729765695,-0.6549995581788238,23.810528525987777,-0.587975188569239
2025-08-15,202509,7072.6,7091.2,18.599999999999454,5.32619047619045,54.07967022007309,-43.427289267692196,18.599999999999454,0.0,136.40000000000055,159.80000000000018,23.399999999999636,0.019664946224157376,0.023054505583287588,202509,False,,False,,,15.523810320558784,0.8550613058077619,23.773850331739883,0.9842747251066384
2025-08-18,202509,7179.8,7188.8,9.0,5.423809523809496,54.18472672294879,-43.3371076753298,9.0,0.0,107.19999999999982,97.60000000000036,-9.599999999999454,0.015157085088934652,0.013763537906137158,202509,False,,False,,,15.528649443378976,0.23029629777078275,23.737596739979978,-0.4044217325434079
2025-08-19,202509,7187.4,7185.6,-1.7999999999992724,5.477777777777751,54.22424367162832,-43.268688116072816,-1.7999999999992724,0.0,7.599999999999454,-3.199999999999818,-10.799999999999272,0.0010585253071115908,-0.00044513687959046866,202509,False,,False,,,15.038002231384061,-0.4839590835136613,23.60588618599758,-0.4575130081922348
2025-08-20,202509,7233.6,7289.4,55.79999999999927,5.484126984126963,54.22636575876612,-43.2581117905122,55.79999999999927,0.0,46.20000000000073,103.79999999999927,57.599999999998545,0.006427915518824712,0.014445557782231111,202509,False,,False,,,14.965446531894425,3.3621364326576493,23.522907468201804,2.448676894123826
2025-08-21,202509,7187.2,7209.2,22.0,5.655555555555529,54.80050941245903,-43.48939830134797,22.0,0.0,-46.400000000000546,-80.19999999999982,-33.79999999999927,-0.0064145100641451736,-0.011002277279337114,202509,False,,False,,,15.765436559099472,1.036726409901463,24.083666538536047,-1.4034407902931314
2025-08-22,202509,7319.6,7343.4,23.799999999999272,5.769841269841241,54.93241745447564,-43.39273491479315,23.799999999999272,0.0,132.40000000000055,134.19999999999982,1.7999999999992724,0.0184216384683884,0.01861510292404156,202509,False,,False,,,15.837706700635477,1.1384324177082144,24.324776494659883,0.07399862442289794
2025-08-25,202509,7423.0,7421.6,-1.3999999999996362,5.8849206349206025,55.08013024500653,-43.31028897516532,-1.3999999999996362,0.0,103.39999999999964,78.20000000000073,-25.19999999999891,0.014126454997540838,0.01064901816597219,202509,False,,False,,,15.874092863607185,-0.458918862168281,24.310387770156193,-1.0365939136081908
2025-08-26,202509,7442.0,7420.8,-21.199999999999815,5.904761904761876,55.084104292604295,-43.27458048308054,-21.199999999999818,3.552713678800501e-15,19.0,-0.8000000000001819,-19.80000000000018,0.0025596120167048486,-0.0001077934677158332,202509,False,,False,,,15.892768319222586,-1.7054776965431504,24.39477374067224,-0.8116492577665759
2025-08-27,202509,7356.2,7295.0,-61.19999999999982,5.7801587301587025,55.07477522968206,-43.514457769364654,-61.19999999999982,0.0,-85.80000000000018,-125.80000000000018,-40.0,-0.01152915882827199,-0.01695235015092711,202509,False,,False,,,16.123968732193934,-4.154073965451356,24.467457257477136,-1.6348245581496292
2025-08-28,202509,7322.4,7376.400000000001,54.00000000000091,5.430952380952354,55.37015343518553,-44.50824867328082,54.00000000000091,0.0,-33.80000000000018,81.40000000000055,115.20000000000073,-0.004594763600772156,0.011158327621658692,202509,False,,False,,,17.470159262195185,2.7801147596948517,24.788289512786132,4.6473557580719325
2025-08-29,202509,7353.8,7368.6,14.800000000000182,5.674603174603149,55.96033296826889,-44.61112661906259,14.800000000000182,0.0,31.400000000000546,-7.800000000000182,-39.20000000000073,0.004288211515350193,-0.0010574263868553535,202509,False,,False,,,18.131051995530957,0.5033021154892894,27.358085171342527,-1.432848817981697
2025-09-01,202509,7387.8,7387.4,-0.4000000000005457,5.718253968253943,56.01654444029985,-44.58003650379197,-0.4000000000005457,0.0,34.0,18.799999999999272,-15.200000000000728,0.004623459979874456,0.0025513666096679266,202509,False,,False,,,14.700549704557417,-0.41619218949055536,25.45794384962215,-0.5970631442109308
2025-09-02,202509,7230.8,7254.0,23.199999999999815,5.7301587301587045,56.02120183558548,-44.56088437526807,23.199999999999818,-3.552713678800501e-15,-157.0,-133.39999999999964,23.60000000000036,-0.021251252064213966,-0.018057774047702813,202509,False,,False,,,13.53043094717099,1.291151873731989,19.501776557249798,1.2101461592855265
2025-09-03,202509,7161.4,7144.599999999999,-16.800000000000182,5.811111111111084,56.14886576947905,-44.52664354725689,-16.800000000000182,0.0,-69.40000000000055,-109.40000000000055,-40.0,-0.009597831498589393,-0.01508133443617321,202509,False,,False,,,13.583316564406859,-1.6646237319065695,18.37495209916132,-2.176876423086061
2025-09-04,202509,6974.2,7012.0,37.80000000000018,5.705555555555527,56.12121621962682,-44.71010510851576,37.80000000000018,0.0,-187.19999999999982,-132.59999999999945,54.600000000000364,-0.026140140196051043,-0.018559471488956647,202509,False,,False,,,13.738274486215026,2.3361335862555515,18.8113226166016,2.9025072352867998
2025-09-05,202509,7206.2,7225.0,18.800000000000185,5.84920634920632,56.42392876338514,-44.7255160649725,18.800000000000182,3.552713678800501e-15,232.0,213.0,-18.999999999999996,0.03326546413925602,0.030376497432972105,202509,False,,False,,,13.991361837241122,0.9256278124637194,19.584543895530686,-0.970152795048544
2025-09-08,202509,7248.0,7243.799999999999,-4.200000000000728,5.88809523809521,56.48761246894886,-44.71142199275844,-4.200000000000728,0.0,41.80000000000018,18.799999999999272,-23.000000000000913,0.005800560628347773,0.0026020761245673096,202509,False,,False,,,14.033391060127482,-0.7188636869643606,19.644250193290006,-1.170826057176626
2025-09-09,202509,7153.4,7166.8,13.400000000000546,5.840476190476159,56.45535159127479,-44.77439921032247,13.400000000000546,0.0,-94.60000000000036,-76.99999999999909,17.600000000001273,-0.013051876379690963,-0.010629779949750007,202509,False,,False,,,14.074468036307872,0.5371090253658682,19.762675155275375,0.8905676919606299
2025-09-10,202509,7176.6,7158.599999999999,-18.00000000000091,5.865873015872986,56.48950677469362,-44.75776074294765,-18.00000000000091,0.0,23.200000000000728,-8.200000000000728,-31.400000000001455,0.003243213017586122,-0.0011441647597254523,202509,False,,False,,,14.022948579692086,-1.7019154623754555,19.818663176435987,-1.5843651875236195
2025-09-11,202509,7365.6,7383.200000000001,17.600000000000364,5.778571428571392,56.49092865901343,-44.93378580187065,17.600000000000364,0.0,189.0,224.60000000000127,35.60000000000127,0.0263355906696765,0.03137484983097272,202509,False,,False,,,14.176278236775202,0.833888018701733,19.87553950732107,1.791146347845711
2025-09-12,202509,7400.8,7389.0,-11.800000000000182,5.8555555555555205,56.58060963252148,-44.86949852141044,-11.800000000000182,0.0,35.19999999999982,5.799999999999272,-29.400000000000546,0.004778972520907976,0.0007855672337198083,202509,False,,False,,,13.971781662632885,-1.2636581347942875,20.15591859840344,-1.4586286333945273
2025-09-15,202509,7386.4,7372.8,-13.599999999999454,5.841269841269809,56.58424545761319,-44.90170577507358,-13.599999999999454,0.0,-14.400000000000546,-16.199999999999818,-1.7999999999992724,-0.001945735596151854,-0.0021924482338611107,202509,False,,False,,,14.100888287801313,-1.3787266053364822,20.218361391906832,-0.08902798625015135
2025-09-16,202509,7454.0,7460.8,6.800000000000182,5.873809523809494,56.556081606578594,-44.80846255895961,6.800000000000182,0.0,67.60000000000036,88.0,20.399999999999636,0.00915195494422183,0.01193576388888884,202509,False,,False,,,14.197763944019577,0.06523495388728592,20.18730664291204,1.0105359947639312
2025-09-17,202509,7544.2,7548.4,4.199999999999818,5.946031746031716,56.58129905377523,-44.68923556171181,4.199999999999818,0.0,90.19999999999982,87.59999999999945,-2.600000000000364,0.01210088543064125,0.011741368217885517,202509,False,,False,,,14.183027985175947,-0.12310712126189445,20.282264631590564,-0.128190813364635
2025-09-18,202512,7206.2,7214.2,8.0,5.956349206349174,56.58911969809344,-44.676421285395094,8.0,0.0,-338.0,-334.1999999999998,3.800000000000182,-0.04480262983483996,-0.04427428329182337,202509,True,,False,,,14.183577927599373,0.14408570278125318,20.263792758753432,0.18752659214591902
2025-09-19,202512,7202.2,7211.6,9.400000000000546,5.962698412698378,56.59609358834531,-44.67069676294855,9.400000000000546,0.0,-4.0,-2.5999999999994543,1.4000000000005457,-0.0005550775720907231,-0.0003604003215879059,202512,False,,False,,,14.176221946868282,0.2424695098725873,20.254463630758234,0.06912056648463992
2025-09-22,202512,7211.0,7235.8,24.800000000000185,5.974603174603144,56.609821924537215,-44.66061557533092,24.800000000000182,3.552713678800501e-15,8.800000000000182,24.199999999999818,15.39999999999964,0.0012218488795090465,0.003355704697986628,202512,False,,False,,,14.165625059747084,1.3289492518682515,20.254503826372453,0.760324722442621
2025-09-23,202512,7075.8,7140.200000000001,64.40000000000055,6.065079365079335,56.753228761341006,-44.62307003118234,64.40000000000055,0.0,-135.19999999999982,-95.59999999999945,39.600000000000364,-0.01874913326861738,-0.013212084358329323,202512,False,,False,,,14.236947805912763,4.09743165671325,20.307413086423324,1.9500268119564301
2025-09-24,202512,7288.4,7309.4,21.0,6.311904761904734,57.527490706000414,-44.903681182190944,21.0,0.0,212.59999999999945,169.1999999999989,-43.400000000000546,0.030046072528901346,0.023696815215259903,202512,False,,False,,,15.276482751357637,0.9614840979537596,20.682622970244953,-2.0983798845261523
2025-09-25,202512,7290.8,7294.4,3.5999999999994543,6.392063492063464,57.63622773110172,-44.85210074697479,3.5999999999994543,0.0,2.4000000000005457,-15.0,-17.400000000000546,0.00032929037923290494,-0.002052152023421905,202512,False,,False,,,15.33060041521242,-0.18212355788058174,21.107083879565213,-0.8243677856819589
2025-09-26,202512,7193.4,7204.599999999999,11.199999999999818,6.365873015872986,57.608967819629015,-44.877221787883045,11.199999999999818,0.0,-97.40000000000055,-89.80000000000018,7.600000000000364,-0.01335930213419656,-0.01231081377495069,202512,False,,False,,,15.288191125139361,0.31620006216286534,21.14243604744292,0.35946661883929637
2025-09-29,202512,7316.8,7347.400000000001,30.600000000000364,6.438095238095208,57.65683469432839,-44.78064421813797,30.600000000000364,0.0,123.40000000000055,142.8000000000011,19.400000000000546,0.017154613951678055,0.019820670127418838,202512,False,,False,,,15.267115383110657,1.5826110012002934,21.053048532819755,0.9214817497692906
2025-09-30,202512,7408.4,7407.6,-0.7999999999992724,6.582539682539655,57.867939572043845,-44.70286020696454,-0.7999999999992724,0.0,91.59999999999945,60.19999999999982,-31.399999999999636,0.012519134047671132,0.008193374527043495,202512,False,,False,,,15.42513284326347,-0.4786046096039336,21.136319356964865,-1.4855945100797634
2025-10-09,202512,7467.8,7475.0,7.199999999999818,6.568253968253946,57.85989040767177,-44.72338247116387,7.199999999999818,0.0,59.400000000000546,67.39999999999964,7.9999999999990905,0.008017925597969988,0.009098763432150658,202512,False,,False,,,15.448617995788489,0.04089336870897417,21.358196117981333,0.37456346761718984
2025-10-10,202512,7346.4,7358.200000000001,11.800000000001091,6.5722222222222,57.86389897850515,-44.719454534060745,11.800000000001091,0.0,-121.40000000000055,-116.79999999999927,4.600000000001273,-0.01625646107287293,-0.01562541806020057,202512,False,,False,,,15.443409237888208,0.3385118983283356,21.35930946941198,0.21536276753650646
2025-10-13,202512,7303.8,7319.400000000001,15.600000000000364,6.561111111111095,57.84701683304757,-44.72479461082538,15.600000000000364,0.0,-42.599999999999454,-38.80000000000018,3.7999999999992724,-0.005798758575628837,-0.005273028729852469,202512,False,,False,,,15.429144008936044,0.5858321682430501,21.332462103422355,0.17813227472649024
2025-10-14,202512,7148.6,7161.8,13.199999999999818,6.611904761904746,57.90820430858461,-44.684394784775115,13.199999999999818,0.0,-155.19999999999982,-157.60000000000036,-2.4000000000005457,-0.021249212738574386,-0.02153181954805039,202512,False,,False,,,15.441978598298379,0.426635433805163,21.3069803139962,-0.11263914288333132
2025-10-15,202512,7273.8,7296.8,23.0,6.549206349206333,57.77418622433659,-44.675773525923915,23.0,0.0,125.19999999999982,135.0,9.800000000000182,0.017513918809277218,0.018850009774079135,202512,False,,False,,,15.34570502213126,1.0720128939705718,21.2609240845572,0.4609395133073439
2025-10-16,202512,7190.6,7213.0,22.399999999999636,6.685714285714272,57.90194499425924,-44.5305164228307,22.399999999999636,0.0,-83.19999999999982,-83.80000000000018,-0.6000000000003638,-0.01143831284885477,-0.011484486350180956,202512,False,,False,,,15.409167414368705,1.0198010892939058,21.177716037516127,-0.028331667066338474
2025-10-17,202512,7024.2,7036.6,12.400000000000546,6.553174603174587,57.43072739272684,-44.32437818637766,12.400000000000546,0.0,-166.40000000000055,-176.39999999999964,-9.99999999999909,-0.023141323394431645,-0.024455843615693862,202512,False,,False,,,15.467564629105556,0.3780055578900829,21.170539755409276,-0.4723545131835382
2025-10-20,202512,7053.4,7070.8,17.400000000000546,6.361904761904746,56.78384937510992,-44.060039851300424,17.400000000000546,0.0,29.199999999999818,34.19999999999982,5.0,0.004157057031405786,0.004860301850325488,202512,False,,False,,,15.463971029460764,0.7137943557361089,21.1934446697489,0.2359220069183421
2025-10-21,202512,7199.4,7193.2,-6.199999999999818,5.5238095238095095,47.40943203075745,-36.36181298313843,-6.199999999999818,0.0,146.0,122.39999999999964,-23.600000000000364,0.020699237247284952,0.017310629631724694,202512,False,,False,,,15.469166987033569,-0.7578824078656826,21.19760954695273,-1.1133330835123807
2025-10-22,202512,7165.2,7166.8,1.6000000000003638,5.311904761904746,46.88997212714098,-36.266162603331495,1.6000000000003638,0.0,-34.19999999999982,-26.399999999999636,7.800000000000182,-0.004750395866322199,-0.0036701329032975405,202512,False,,False,,,15.250825577918153,-0.24339041469852568,21.208686137447994,0.3677738427288897
2025-10-23,202512,7125.6,7175.6,50.0,5.8722222222222085,43.195695830130845,-31.45125138568643,50.0,0.0,-39.599999999999454,8.800000000000182,48.399999999999636,-0.005526712443476689,0.0012278841323882794,202512,False,,False,,,15.252815603631532,2.8930906217256993,21.099609455910084,2.2938813204640907
2025-10-24,202512,7267.8,7287.400000000001,19.600000000000364,6.250793650793639,43.42073177637147,-30.91914447478419,19.600000000000364,0.0,142.19999999999982,111.80000000000018,-30.399999999999636,0.01995621421353988,0.01558057862757134,202512,False,,False,,,15.775735747781784,0.8461859758955298,21.647208045418395,-1.404338145418885
2025-10-27,202512,7332.6,7332.0,-0.6000000000003638,6.242857142857131,43.400485657851,-30.914771372136737,-0.6000000000003638,0.0,64.80000000000018,44.599999999999454,-20.200000000000728,0.008916040617518384,0.006120152592145267,202512,False,,False,,,15.804675820078675,-0.4329640937123272,21.863321991062087,-0.9239218087836176
2025-10-28,202512,7342.2,7347.4,5.199999999999818,6.126984126984116,43.18661229520944,-30.932644041241215,5.199999999999818,0.0,9.599999999999454,15.399999999999636,5.800000000000182,0.0013092218312740211,0.0021003818876159652,202512,False,,False,,,15.839254522810904,-0.05852447952328195,21.957046773879085,0.2641520993114646
2025-10-29,202512,7432.2,7450.6,18.400000000000546,6.306349206349195,42.90406751662435,-30.29136910392596,18.400000000000546,0.0,90.0,103.20000000000073,13.200000000000728,0.01225790634959556,0.014045784903503389,202512,False,,False,,,15.845735621098164,0.763211698265935,21.964961905616008,0.6009571087225855
2025-10-30,202512,7366.6,7362.0,-4.600000000000364,6.3285714285714185,42.94891808741366,-30.291775230270822,-4.600000000000364,0.0,-65.59999999999945,-88.60000000000036,-23.00000000000091,-0.008826457845590774,-0.011891659732102156,202512,False,,False,,,15.798334524163478,-0.6917546537488862,21.958731817441418,-1.0474193223550565
2025-10-31,202512,7397.2,7383.0,-14.199999999999818,6.425396825396814,42.79881154236276,-29.948017891569133,-14.199999999999818,0.0,30.599999999999454,21.0,-9.599999999999454,0.004153883745554143,0.002852485737571353,202512,False,,False,,,15.840392174514692,-1.3020761479996967,22.073011630139053,-0.43492026194066646
2025-11-03,202512,7399.4,7407.0,7.600000000000364,6.736507936507927,40.98770656664852,-27.514690693632662,7.600000000000364,0.0,2.199999999999818,24.0,21.800000000000182,0.0002974098307466644,0.003250711093051528,202512,False,,False,,,16.0043433498725,0.0539536077560668,22.093331778863064,0.9867230627865954
2025-11-04,202512,7254.8,7285.599999999999,30.799999999999272,6.738888888888881,40.99024449387347,-27.512466716095716,30.799999999999272,0.0,-144.59999999999945,-121.40000000000055,23.19999999999891,-0.019542125037165126,-0.016389901444579524,202512,False,,False,,,16.00179926751932,1.5036503526169072,22.198284673015927,1.0451257987605078
2025-11-05,202512,7329.8,7316.4,-13.400000000000546,6.759523809523801,41.06273870372006,-27.54369108467246,-13.400000000000546,0.0,75.0,30.800000000000182,-44.19999999999982,0.01033798312841161,0.004227517294388861,202512,False,,False,,,16.123735687651738,-1.2503010592615575,22.31634623075471,-1.980610963056609
2025-11-06,202512,7401.8,7408.0,6.199999999999818,6.7309523809523695,41.0894649737945,-27.62756021188976,6.199999999999818,0.0,72.0,91.60000000000036,19.600000000000364,0.009822914677071637,0.012519818489967749,202512,False,,False,,,16.292295260290576,-0.03258917006289768,22.749790897030167,0.8615463803036103
2025-11-07,202512,7411.6,7410.8,-0.8000000000001819,6.705555555555545,41.05610655752645,-27.64499544641535,-0.8000000000001819,0.0,9.800000000000182,2.800000000000182,-7.0,0.001324002269718294,0.00037796976241910585,202512,False,,False,,,16.205504863434214,-0.4631485176676671,22.785695583684387,-0.3072102834996323
2025-11-10,202512,7412.4,7429.8,17.400000000000546,6.563492063492053,40.739783122493066,-27.612798995508957,17.400000000000546,0.0,0.7999999999992724,19.0,18.200000000000728,0.00010793890657878613,0.0025638257677984555,202512,False,,False,,,16.221853199068327,0.6680191099948352,22.778175271230126,0.7990104467669172
2025-11-11,202512,7401.6,7402.2,0.5999999999994543,6.574603174603168,40.76320532935499,-27.61399898014865,0.5999999999994543,0.0,-10.799999999999272,-27.600000000000364,-16.80000000000109,-0.0014570179698881747,-0.003714770249535704,202512,False,,False,,,16.212123659019987,-0.36852686916680444,22.850591663979962,-0.7352107222012728
2025-11-12,202512,7355.6,7371.599999999999,15.99999999999909,6.581746031746023,40.764576705294914,-27.60108464180287,15.99999999999909,0.0,-46.0,-30.600000000000364,15.399999999999636,-0.006214872460008625,-0.004133906136013721,202512,False,,False,,,16.2187899510028,0.58070016300265,22.913272057121127,0.6720995570431212
2025-11-13,202512,7462.8,7478.599999999999,15.799999999999272,6.530158730158717,40.61622060655405,-27.555903146236616,15.799999999999272,0.0,107.19999999999982,107.0,-0.1999999999998181,0.014573930066887897,0.01451516631396177,202512,False,,False,,,16.229288774971504,0.5711797601467493,22.95268836172169,-0.008713576242047492
2025-11-14,202512,7413.8,7391.200000000001,-22.599999999999454,6.660317460317445,40.63586131868369,-27.3152263980488,-22.599999999999454,0.0,-49.0,-87.39999999999873,-38.39999999999873,-0.006565900198316932,-0.011686679325007221,202512,False,,False,,,16.214493952677522,-1.8045779008406921,22.938249649214917,-1.6740597293705453
2025-11-17,202512,7402.8,7403.599999999999,0.7999999999992724,6.587301587301573,40.73522432547038,-27.560621150867227,0.7999999999992724,0.0,-11.0,12.399999999998727,23.399999999998727,-0.0014837195500283507,0.0016776707435868232,202512,False,,False,,,16.53501592122466,-0.3500027828744701,23.257838387620136,1.0061124172422773
2025-11-18,202512,7329.2,7352.0,22.800000000000185,6.460317460317443,40.45443065460727,-27.53379573397239,22.800000000000182,3.552713678800501e-15,-73.60000000000036,-51.599999999999454,22.000000000000913,-0.009942184038472024,-0.006969582365335736,202512,False,,False,,,16.536819158435197,0.9880789275819165,23.331194707186686,0.9429435687330779
2025-11-19,202512,7298.8,7309.4,10.599999999999454,6.524603174603156,40.580991255090034,-27.53178490588372,10.599999999999454,0.0,-30.399999999999636,-42.600000000000364,-12.200000000000731,-0.004147792392075522,-0.00579434167573456,202512,False,,False,,,16.58183452949757,0.2457747855429711,23.399358965578738,-0.5213818044309397
2025-11-20,202512,7268.4,7274.4,6.0,6.564285714285692,40.61625409996209,-27.487682671390704,6.0,0.0,-30.400000000000546,-35.0,-4.599999999999454,-0.004165068230394087,-0.004788354721317778,202512,False,,False,,,16.581926999908802,-0.03403016514840497,23.428282226420663,-0.19634388708242206
2025-11-21,202512,7036.2,7034.6,-1.5999999999994543,6.464285714285689,40.37342105132485,-27.444849622753473,-1.5999999999994543,0.0,-232.19999999999982,-239.79999999999927,-7.599999999999454,-0.03194650817236255,-0.03296491806884405,202512,False,,False,,,16.53489728673358,-0.4877130818801849,23.39576712125356,-0.32484508674628326
2025-11-24,202512,7111.6,7100.8,-10.800000000000182,6.405555555555533,40.319106825168866,-27.5079957140578,-10.800000000000182,0.0,75.40000000000055,66.19999999999982,-9.200000000000728,0.010716011483471233,0.009410627469934374,202512,False,,False,,,16.5677124235513,-1.0384991672777777,23.338753569585236,-0.3941941446260459
2025-11-25,202512,7182.8,7178.4,-4.400000000000546,6.299206349206326,40.25998049729328,-27.661567798880636,-4.400000000000546,0.0,71.19999999999982,77.59999999999945,6.399999999999636,0.010011811687946404,0.010928346101847675,202512,False,,False,,,16.687179982177245,-0.6411632379248121,23.35657924310415,0.27401272820758577
2025-11-26,202512,7184.6,7180.400000000001,-4.199999999999818,6.208730158730131,40.16152156857352,-27.744061251113255,-4.199999999999818,0.0,1.800000000000182,2.0000000000009095,0.2000000000007276,0.00025059865233623135,0.000278613618633905,202512,False,,False,,,16.746246858277985,-0.6215559968044253,23.360971596648188,0.00856128775180838
2025-11-27,202512,7192.4,7178.6,-13.799999999999272,6.173015873015842,40.15068290152424,-27.804651155492557,-13.799999999999272,0.0,7.799999999999272,-1.800000000000182,-9.599999999999454,0.0010856554296689858,-0.00025068241323600304,202512,False,,False,,,16.796527298609394,-1.18911579268345,23.355686262837374,-0.41103480719702024
2025-11-28,202512,7249.8,7258.0,8.199999999999818,6.133333333333306,40.181061726941934,-27.914395060275325,8.199999999999818,0.0,57.400000000000546,79.39999999999964,21.99999999999909,0.007980646237695455,0.011060652494915502,202512,False,,False,,,16.922216704138354,0.12212741999463377,23.36662655078062,0.9415137419254097
2025-12-01,202512,7286.0,7293.6,7.600000000000364,6.276190476190449,40.053161612884175,-27.50078066050327,7.600000000000364,0.0,36.19999999999982,35.600000000000364,-0.5999999999994543,0.004993241192860376,0.004904932488288827,202512,False,,False,,,16.922362826637553,0.07822840919863164,23.447357413938537,-0.025589237601793786
2025-12-02,202512,7237.2,7241.8,4.600000000000364,6.254761904761875,40.021452459321736,-27.511928649797984,4.600000000000364,0.0,-48.80000000000018,-51.80000000000018,-3.0,-0.006697776557782031,-0.007102116924426971,202512,False,,False,,,16.892756920160704,-0.097956888421607,23.423846176428377,-0.1280746115477366
2025-12-03,202512,7185.4,7201.0,15.600000000000364,6.129365079365052,39.68349395965259,-27.424763800922484,15.600000000000364,0.0,-51.80000000000018,-40.80000000000018,11.0,-0.007157464212678932,-0.005633958408130635,202512,False,,False,,,16.89197813320057,0.5606587248666349,23.41913781849419,0.4697013222798174
2025-12-04,202512,7204.0,7214.2,10.199999999999818,6.119841269841244,39.661799484217994,-27.422116944535503,10.199999999999818,0.0,18.600000000000364,13.199999999999818,-5.400000000000546,0.002588582403206585,0.0018330787390639092,202512,False,,False,,,16.903388459540956,0.24138111361071915,23.444652208376343,-0.23032971237983327
2025-12-05,202512,7311.4,7321.0,9.600000000000364,6.078571428571404,39.57454116549593,-27.417398308353125,9.600000000000364,0.0,107.39999999999964,106.80000000000018,-0.5999999999994543,0.01490838423098273,0.014804136286767688,202512,False,,False,,,16.903449053343845,0.20832603809530514,23.44750689941232,-0.025589074462090997
2025-12-08,202512,7387.0,7385.400000000001,-1.5999999999994543,6.326190476190454,38.986340089971144,-26.33395913759023,-1.5999999999994543,0.0,75.60000000000036,64.40000000000055,-11.199999999999818,0.010340016959816234,0.00879661248463326,202512,False,,False,,,16.875297707811665,-0.4696918900886016,23.43216265018351,-0.47797551456105586
2025-12-09,202512,7352.0,7349.6,-2.399999999999636,6.111904761904739,38.26268605289278,-26.038876529083304,-2.399999999999636,0.0,-35.0,-35.80000000000018,-0.8000000000001819,-0.004738053336943326,-0.004847401630243442,202512,False,,False,,,16.899381854692436,-0.5036814266399267,23.455565125435452,-0.03410704435053896
2025-12-10,202512,7374.6,7374.2,-0.4000000000005457,6.142063492063471,38.246374090420275,-25.962247106293333,-0.4000000000005457,0.0,22.600000000000364,24.599999999999454,1.9999999999990905,0.003073993471164327,0.0033471209317512685,202512,False,,False,,,16.929731303839493,-0.38642453176916886,23.4556395406869,0.08526734035666889
2025-12-11,202512,7312.4,7300.2,-12.199999999999818,5.895238095238072,37.22823542528442,-25.437759234808272,-12.199999999999818,0.0,-62.20000000000073,-74.0,-11.799999999999272,-0.00843435576166851,-0.010034986846030769,202512,False,,False,,,16.951541153380372,-1.0674686113497973,23.441044121262134,-0.5033905460421072
2025-12-12,202512,7368.2,7359.400000000001,-8.799999999999272,5.899206349206326,37.222743530281235,-25.42433083186858,-8.799999999999272,0.0,55.80000000000018,59.20000000000073,3.4000000000005457,0.007630873584596021,0.008109366866661194,202512,False,,False,,,17.080174105516264,-0.8606004984725711,23.468675533850213,0.1448739616812432
2025-12-15,202512,7316.0,7309.0,-7.0,5.903174603174583,37.218977026860344,-25.41262782051118,-7.0,0.0,-52.19999999999982,-50.400000000000546,1.7999999999992724,-0.007084498249233184,-0.006848384379161465,202512,False,,False,,,17.167488535783658,-0.7516052552637154,23.471454315333254,0.07668889945278687
2025-12-16,202512,7184.2,7185.8,1.6000000000003638,5.866666666666648,37.22123323393903,-25.487899900605733,1.6000000000003638,0.0,-131.80000000000018,-123.19999999999982,8.600000000000364,-0.018015308911973782,-0.01685593104391847,202512,False,,False,,,17.20381106474713,-0.2480070637028353,23.453234447739064,0.36668716287997627
2025-12-17,202512,7294.4,7291.2,-3.199999999999818,5.949206349206331,37.14789613711872,-25.24948343870606,-3.199999999999818,0.0,110.19999999999982,105.39999999999964,-4.800000000000182,0.015339216614236761,0.014667817083692691,202512,False,,False,,,17.2157250175178,-0.5314447309013363,23.441530184135704,-0.2047647897682307
2025-12-18,202603,7071.2,7086.4,15.199999999999818,5.886507936507917,37.09502504117436,-25.322009168158523,15.199999999999818,0.0,-223.19999999999982,-204.80000000000018,18.399999999999636,-0.030598815529721435,-0.02808865481676548,202512,True,,False,,,17.223448780043682,0.5407448985642862,23.42046717784021,0.785637616033945
2025-12-19,202603,7142.0,7161.8,19.800000000000185,5.905555555555536,37.13099013215616,-25.319879021045093,19.800000000000182,3.552713678800501e-15,70.80000000000018,75.40000000000055,4.600000000000367,0.010012444846702051,0.010640099345224696,202603,False,,False,,,17.238385520504398,0.806017734544673,23.47978421252364,0.19591321446416107
2025-12-22,202603,7208.4,7224.6,16.200000000000728,6.015079365079348,37.24107290387112,-25.210914173712425,16.200000000000728,0.0,66.39999999999964,62.80000000000018,-3.599999999999458,0.009297115653878363,0.008768745287497604,202603,False,,False,,,17.226446546112204,0.591237467788735,23.454433450519677,-0.1534891050595679
2025-12-23,202603,7192.8,7217.8,25.0,6.046825396825383,37.29799588271484,-25.20434508906407,25.0,0.0,-15.599999999999454,-6.800000000000182,8.799999999999272,-0.0021641418345262897,-0.0009412285801290166,202603,False,,False,,,17.246451721142456,1.0989608129039021,23.413600036446226,0.37584993278696827
2025-12-24,202603,7333.6,7348.200000000001,14.600000000000364,6.203968253968238,37.436445995008256,-25.028509487071776,14.600000000000364,0.0,140.80000000000018,130.40000000000055,-10.399999999999636,0.019575130686241726,0.018066446839757333,202603,False,,False,,,17.327268286219464,0.4845559962102951,23.428351899510147,-0.4439065984926189
2025-12-25,202603,7429.8,7434.2,4.399999999999636,6.264285714285697,37.5027028050015,-24.9741313764301,4.399999999999636,0.0,96.19999999999982,85.99999999999909,-10.200000000000728,0.013117704810734043,0.011703546446748758,202603,False,,False,,,17.13011690125043,-0.10883088101692848,23.257026656236537,-0.4385771298613327
2025-12-26,202603,7477.4,7486.8,9.400000000000546,6.265873015872998,37.5038687042726,-24.9721226725266,9.400000000000546,0.0,47.599999999999454,52.600000000000364,5.0000000000009095,0.00640663274919917,0.007075408248365722,202603,False,,False,,,17.076320541390754,0.18353643435837577,23.243144400363942,0.21511719386481198
2025-12-29,202603,7441.2,7461.6,20.400000000000546,6.351587301587285,37.50452181066946,-24.801347207494892,20.400000000000546,0.0,-36.19999999999982,-25.199999999999818,11.0,-0.004841254981678089,-0.0033659240262862156,202603,False,,False,,,17.067018935758405,0.8231321914678003,23.23458402789908,0.47343218999710424
2025-12-30,202603,7467.8,7479.8,12.0,6.373015873015858,37.55725351669278,-24.811221770661067,12.0,0.0,26.600000000000364,18.199999999999818,-8.400000000000546,0.0035746922539376946,0.0024391551409885803,202603,False,,False,,,17.108009938049626,0.3289093323747296,23.237680563683764,-0.36148186033369467
2025-12-31,202603,7439.0,7449.799999999999,10.799999999999272,6.430158730158714,37.60260820518909,-24.742290744871667,10.799999999999272,0.0,-28.800000000000182,-30.00000000000091,-1.2000000000007276,-0.0038565574868100194,-0.004010802427872551,202603,False,,False,,,17.072380080591063,0.25595969918737127,23.196443126854213,-0.051732069155529435
2026-01-05,202603,7625.4,7646.400000000001,21.00000000000091,6.4952380952380775,37.635285275962765,-24.644809085486607,21.00000000000091,0.0,186.39999999999964,196.60000000000127,10.200000000001637,0.025057131334856875,0.026389970200542567,202603,False,,False,,,17.064417465426242,0.8500004136766193,23.189537435331797,0.4398535343124534
2026-01-06,202603,7738.2,7758.400000000001,20.200000000000728,6.545238095238079,37.73798530763994,-24.64750911716378,20.200000000000728,0.0,112.80000000000018,112.0,-0.8000000000001819,0.014792666614210415,0.014647415777359285,202603,False,,False,,,17.102684058948263,0.798398769321729,23.177888801462007,-0.03451565441757231
2026-01-07,202603,7768.6,7774.0,5.399999999999636,6.5714285714285605,37.799027531709434,-24.65617038885231,5.399999999999636,0.0,30.400000000000546,15.599999999999454,-14.800000000001091,0.0039285621979272545,0.002010723860589758,202603,False,,False,,,17.14364399108108,-0.0683301970128612,23.17522841572917,-0.6386129074765123
2026-01-08,202603,7808.8,7830.6,21.800000000000185,6.565079365079352,37.792979011219,-24.662820281060295,21.800000000000182,3.552713678800501e-15,40.19999999999982,56.600000000000364,16.40000000000055,0.005174677548078099,0.0072806791870336784,202603,False,,False,,,17.10768555505116,0.8905307843013646,23.20789233572656,0.7066561565676586
2026-01-09,202603,8011.0,8049.0,38.0,6.552380952380941,37.75276622210068,-24.6480043173388,38.0,0.0,202.19999999999982,218.39999999999964,16.199999999999815,0.025893863333674716,0.02789058309708059,202603,False,,False,,,17.144384951159267,1.834280969378994,23.262079516551232,0.6964123731274039
2026-01-12,202603,8306.2,8328.6,22.399999999999636,6.615079365079354,38.00467154442859,-24.774512814269883,22.399999999999636,0.0,295.2000000000007,279.60000000000036,-15.600000000000364,0.0368493321682688,0.03473723443906085,202603,False,,False,,,17.393253539429296,0.9075312217542835,23.313764521450093,-0.6691326055750202
2026-01-13,202603,8150.8,8162.8,12.0,6.703968253968242,38.14515372672373,-24.737217218787244,12.0,0.0,-155.40000000000055,-165.80000000000018,-10.399999999999636,-0.01870891623124904,-0.01990730735057511,202603,False,,False,,,17.446541262387882,0.30355768896435686,23.36458893628615,-0.4451180385993445
2026-01-14,202603,8158.2,8171.4,13.199999999999818,6.764285714285701,38.18748331974675,-24.658911891175343,13.199999999999818,0.0,7.399999999999636,8.599999999999454,1.199999999999818,0.0009078863424447636,0.0010535600529228972,202603,False,,False,,,17.39405494629554,0.36999505322850257,23.345360017430508,0.05140207729089865
2026-01-15,202603,8158.4,8196.8,38.39999999999963,6.790476190476175,38.22412404458393,-24.643171663631577,38.399999999999636,-7.105427357601002e-15,0.1999999999998181,25.399999999999636,25.19999999999981,2.451521168889137e-05,0.003108402476931671,202603,False,,False,,,17.372545273877694,1.8195102278451538,23.227462933851452,1.0849226224907071
2026-01-16,202603,8165.0,8178.0,13.0,6.984920634920616,38.592288452774625,-24.622447182933396,13.0,0.0,6.600000000000364,-18.799999999999272,-25.39999999999963,0.0008089821533634467,-0.002293577981651307,202603,False,,False,,,17.61925760024636,0.34139232773322287,23.34339964681057,-1.0881020067473357
2026-01-19,202603,8205.4,8200.599999999999,-4.800000000001091,7.0230158730158525,38.636172271847634,-24.590140525815933,-4.800000000001091,0.0,40.399999999999636,22.599999999998545,-17.80000000000109,0.004947948560930726,0.002763511861090473,202603,False,,False,,,17.5871050098151,-0.6722548063719808,23.45885923841323,-0.7587751739800752
2026-01-20,202603,8091.0,8127.200000000001,36.20000000000073,7.046031746031718,38.61607807490351,-24.52401458284008,36.20000000000073,0.0,-114.39999999999964,-73.39999999999782,41.00000000000182,-0.013942038169985627,-0.008950564592834387,202603,False,,False,,,17.00877622543346,1.7140544309339947,22.79598502660818,1.7985623324521993
2026-01-21,202603,8217.8,8228.4,10.600000000000364,7.148412698412672,38.92877681946402,-24.63195142263867,10.600000000000364,0.0,126.79999999999927,101.19999999999891,-25.600000000000364,0.015671734025460404,0.012452012993404704,202603,False,,False,,,17.178068705312793,0.20092988104769852,22.922641887686595,-1.116799718175241
2026-01-22,202603,8263.8,8288.800000000001,25.00000000000182,7.109523809523786,38.84872428619185,-24.62967666714428,25.00000000000182,0.0,46.0,60.400000000001455,14.400000000001455,0.0055976051984716335,0.0073404307034175,202603,False,,False,,,17.113757948244846,1.045385604060904,23.065934828117474,0.6242972637921352
2026-01-23,202603,8479.4,8512.2,32.80000000000109,7.246825396825378,38.99509007577416,-24.501439282123403,32.80000000000109,0.0,215.60000000000036,223.39999999999964,7.799999999999272,0.026089692393330033,0.026952031657175857,202603,False,,False,,,17.157394259554128,1.4893388947419204,22.970950121729043,0.3395593111588786
2026-01-26,202603,8311.6,8316.0,4.399999999999636,7.396825396825382,39.26965974033382,-24.47600894668306,4.399999999999636,0.0,-167.79999999999927,-196.20000000000073,-28.400000000001455,-0.01978913602377519,-0.02304927045887084,202603,False,,False,,,17.042625586120543,-0.17584294049540997,22.893120134550543,-1.2405473711353077
2026-01-27,202603,8364.8,8379.2,14.400000000001455,7.48412698412697,39.20214164945165,-24.23388768119771,14.400000000001455,0.0,53.19999999999891,63.20000000000073,10.000000000001819,0.006400693007363012,0.0075998075998076065,202603,False,,False,,,15.477942076035005,0.4468212235128179,22.714318538461182,0.4402509361251251
2026-01-28,202603,8373.0,8391.199999999999,18.19999999999891,7.491269841269832,39.2147214688238,-24.232181786284137,18.19999999999891,0.0,8.200000000000728,11.999999999998181,3.7999999999974534,0.0009802983932671872,0.0014321176245939427,202603,False,,False,,,14.842758871217109,0.7214784159496999,19.57487525922336,0.19412639670370085
2026-01-29,202603,8330.2,8342.8,12.599999999998545,7.484920634920623,39.199118116286314,-24.229276846445064,12.599999999998545,0.0,-42.79999999999927,-48.399999999999636,-5.600000000000364,-0.005111668458139151,-0.005767947373438775,202603,False,,False,,,14.857918203211929,0.34426622189723477,19.18221092996396,-0.29193715054257746
2026-01-30,202603,8259.4,8272.599999999999,13.199999999998909,7.494444444444428,39.21335737985797,-24.224468490969116,13.199999999998909,0.0,-70.80000000000109,-70.20000000000073,0.6000000000003638,-0.008499195697582396,-0.008414441194802835,202603,False,,False,,,14.823171050757084,0.38490789427023936,19.129149051496146,0.031365744413677205
2026-02-02,202603,7954.8,7899.000000000001,-55.79999999999927,7.526984126984107,39.252444011867745,-24.19847575789953,-55.79999999999927,0.0,-304.59999999999945,-373.59999999999764,-68.99999999999818,-0.0368791921931374,-0.045161134347121545,202603,False,,False,,,14.767475044567437,-4.288274328269794,18.98180947404918,-3.6350591388208247
2026-02-03,202603,8190.8,8205.800000000001,15.00000000000091,7.303968253968238,40.005724735844574,-25.3977882279081,15.00000000000091,0.0,236.0,306.8000000000002,70.80000000000018,0.029667622064665444,0.03884035953918219,202603,False,,False,,,15.949832841656036,0.48251488416436655,19.801385014307918,3.575507468232253
2026-02-04,202603,8163.6,8202.8,39.19999999999891,7.365079365079354,40.06657675356009,-25.336418023401382,39.19999999999891,0.0,-27.199999999999818,-3.000000000001819,24.199999999998,-0.00332079894515791,-0.00036559506690414523,202603,False,,False,,,15.703738344095008,2.0272192478863014,20.315412271415646,1.1912138270532702
2026-02-05,202603,8056.6,8062.0,5.399999999999636,7.452380952380938,40.3760300584721,-25.471268153710216,5.399999999999636,0.0,-107.0,-140.79999999999927,-33.79999999999927,-0.013106962614532813,-0.01716487053201332,202603,False,,False,,,15.957871177737138,-0.1286124527214246,20.37143930589952,-1.6591856614770892
2026-02-06,202603,8057.4,8024.2,-33.19999999999982,7.414285714285702,40.32507629422278,-25.496504865651374,-33.19999999999982,0.0,0.7999999999992724,-37.80000000000018,-38.599999999999454,9.929747039683079e-05,-0.00468866286281322,202603,False,,False,,,15.902929150177224,-2.5538871066298445,20.523757704256745,-1.8807472080024406
2026-02-09,202603,8216.6,8242.6,26.0,7.306349206349195,40.5703373291972,-25.95763891649881,26.0,0.0,159.20000000000073,218.40000000000055,59.19999999999982,0.01975823466626969,0.027217666558660092,202603,False,,False,,,16.465450083877066,1.1353258306589256,20.80710941049258,2.8451813671987773
2026-02-10,202603,8239.8,8245.6,5.800000000001091,7.363492063492054,40.706481823966165,-25.979497696982055,5.800000000001091,0.0,23.19999999999891,3.0,-20.19999999999891,0.002823552320911249,0.00036396282726314233,202603,False,,False,,,16.318276795536892,-0.09581232645340246,21.4102967770373,-0.9434712750765584
2026-02-11,202603,8244.4,8245.800000000001,1.4000000000014552,7.466666666666661,40.62754218795906,-25.694208854625735,1.4000000000014552,0.0,4.600000000000364,0.2000000000007276,-4.399999999999636,0.0005582659773295529,2.4255360434821682e-05,202603,False,,False,,,16.302850342591302,-0.37212306677538465,21.210900475696533,-0.20744050942302802
2026-02-12,202603,8334.6,8340.0,5.399999999999636,7.440476190476187,40.610084308074114,-25.72913192712174,5.399999999999636,0.0,90.20000000000073,94.19999999999891,3.999999999998181,0.01094075978846254,0.011423997671541786,202603,False,,False,,,16.181388361105764,-0.12610019269923226,21.008650839618763,0.190397757120836
2026-02-13,202603,8213.4,8177.800000000001,-35.599999999998545,7.39365079365079,40.54123814584336,-25.753936558541778,-35.599999999998545,0.0,-121.20000000000073,-162.1999999999989,-40.99999999999818,-0.01454178964797359,-0.01944844124700229,202603,False,,False,,,16.016194329742657,-2.6843861849133885,21.011269222572878,-1.9513338088091776
2026-02-24,202603,8285.4,8280.6,-4.799999999999272,7.118253968253969,40.53685842762496,-26.300350491117023,-4.799999999999272,0.0,72.0,102.79999999999927,30.799999999999272,0.008766162612316553,0.01257061801462478,202603,False,,False,,,16.64663086609173,-0.7159559231009361,21.309727090858562,1.445349340640399
2026-02-25,202603,8401.8,8410.2,8.400000000001455,7.108730158730161,40.53959377500389,-26.322133457543565,8.400000000001455,0.0,116.39999999999964,129.60000000000036,13.200000000000728,0.014048808747918029,0.01565103977972604,202603,False,,False,,,16.699427075395825,0.07732420013221845,21.535826387251088,0.6129321328395805
2026-02-26,202603,8442.0,8446.599999999999,4.599999999998545,7.111111111111119,40.54225790446162,-26.320035682239386,4.599999999998545,0.0,40.20000000000073,36.39999999999782,-3.8000000000029104,0.004784688995215447,0.004328077810277664,202603,False,,False,,,16.69915125164303,-0.15037357727180928,21.573458815232378,-0.17614236236054293
2026-02-27,202603,8521.6,8534.8,13.199999999998909,7.0579365079365095,40.462145543723025,-26.346272527850005,13.199999999998909,0.0,79.60000000000036,88.20000000000073,8.600000000000364,0.009429045249940815,0.0104420713659934,202603,False,,False,,,16.705880051132503,0.36765878081628056,21.576326720447046,0.39858499138551134
2026-03-02,202603,8430.0,8433.8,3.799999999999272,7.168253968253967,40.46867953813815,-26.132171601630215,3.7999999999992724,-4.440892098500626e-16,-91.60000000000036,-101.0,-9.399999999999636,-0.010749155088246365,-0.011833903547827762,202603,False,,False,,,16.637256354035586,-0.2024524895559285,21.537830096194185,-0.4364413665636935
2026-03-03,202603,8137.8,8139.0,1.199999999999818,7.138888888888881,40.43808761317511,-26.160309835397342,1.199999999999818,0.0,-292.1999999999998,-294.7999999999993,-2.599999999999454,-0.03466192170818505,-0.03495458749318214,202603,False,,False,,,15.681734082631994,-0.37871378621746726,21.17954902658929,-0.12275993208048738
2026-03-04,202603,8062.6,8073.4,10.799999999999272,7.100793650793642,40.40513691618416,-26.20354961459688,10.799999999999272,0.0,-75.19999999999982,-65.60000000000036,9.599999999999454,-0.009240826759074894,-0.00805995822582628,202603,False,,False,,,15.648194267658551,0.23639828889721118,20.73516497804318,0.4629816068579661
2026-03-05,202603,8098.4,8137.4,39.0,7.137301587301574,40.43759874331141,-26.162995568708265,39.0,0.0,35.79999999999927,64.0,28.200000000000728,0.004440255004589,0.007927267322317633,202603,False,,False,,,15.642569604715904,2.0369222715871755,20.684635785426803,1.3633307490900475
2026-03-06,202603,8214.2,8212.400000000001,-1.7999999999992724,7.253174603174593,40.79302958016534,-26.286680373816154,-1.7999999999992724,0.0,115.80000000000109,75.00000000000182,-40.79999999999927,0.014299120813987987,0.009216703123848147,202603,False,,False,,,15.936281710219381,-0.5680857534896852,20.862181626623425,-1.9556919180461958
2026-03-09,202603,8183.6,8173.599999999999,-10.00000000000091,7.29444444444444,40.763691129437404,-26.174802240548527,-10.00000000000091,0.0,-30.600000000000364,-38.800000000002,-8.200000000001637,-0.003725256263543697,-0.004724562856168957,202603,False,,False,,,15.815936215850018,-1.0934821820483593,21.171102470064728,-0.38732040580296556
2026-03-10,202603,8308.4,8314.199999999999,5.799999999999272,7.260317460317451,40.78266255000953,-26.26202762937463,5.799999999999272,0.0,124.79999999999927,140.59999999999945,15.800000000000182,0.015250012219560904,0.017201722619164084,202603,False,,False,,,15.89654482501577,-0.09186382804520732,20.953115917845448,0.7540644580953978
2026-03-11,202603,8317.2,8312.0,-5.200000000000728,7.244444444444431,40.765748183085094,-26.27685929419623,-5.200000000000728,0.0,8.800000000001091,-2.1999999999989086,-11.0,0.001059169033749141,-0.00026460753890922284,202603,False,,False,,,15.898146896650347,-0.7827606906228257,20.998013470254072,-0.5238590791258741
2026-03-12,202603,8279.0,8279.800000000001,0.8000000000010914,7.242857142857128,40.76648908647195,-26.280774800757698,0.8000000000010914,0.0,-38.20000000000073,-32.19999999999891,6.000000000001819,-0.0045928918385995665,-0.003873917228103818,202603,False,,False,,,15.95108127806364,-0.40391350470493986,21.02132394988627,0.285424458245613
2026-03-13,202603,8204.0,8197.8,-6.200000000000728,7.213492063492053,40.74671971317299,-26.319735586188884,-6.200000000000728,0.0,-75.0,-82.00000000000182,-7.000000000001819,-0.009059065104481179,-0.009903620860407525,202603,False,,False,,,15.949675402795624,-0.8409884041365314,21.026671278414632,-0.3329105167106414
2026-03-16,202603,8179.2,8186.6,7.400000000000546,7.1071428571428426,40.63986509146107,-26.425579377175385,7.400000000000546,0.0,-24.800000000000182,-11.199999999998909,13.600000000001273,-0.0030229156509020694,-0.001366220205420876,202603,False,,False,,,16.003385879118145,0.018299698893084543,21.03667706217367,0.6464899356398647
2026-03-17,202603,8025.8,8021.999999999999,-3.8000000000010914,7.120634920634909,40.6510724693127,-26.40980262804289,-3.8000000000010914,0.0,-153.39999999999964,-164.60000000000127,-11.200000000001637,-0.01875489045383405,-0.02010602692204344,202603,False,,False,,,15.929406261326324,-0.685564467468527,21.058333219412226,-0.5318559585559758
2026-03-18,202603,8077.6,8080.8,3.199999999999818,7.119047619047601,40.65152306457413,-26.41342782647893,3.199999999999818,0.0,51.80000000000018,58.80000000000109,7.0000000000009095,0.006454185252560585,0.00732984293193728,202603,False,,False,,,15.899390243056775,-0.24649043511333532,21.08724915126863,0.3319541562669772
2026-03-19,202606,7656.6,7702.799999999999,46.19999999999891,7.15873015873014,40.64869673460778,-26.331236417147498,46.19999999999891,0.0,-421.0,-378.0000000000009,42.99999999999909,-0.052119441418243095,-0.04677754677754686,202603,True,,False,,,15.896572783547562,2.455955152904104,21.076472976551752,2.040189553908662
2026-03-20,202606,7612.6,7600.0,-12.600000000000364,7.326190476190454,41.172853647828184,-26.520472695447275,-12.600000000000364,0.0,-44.0,-102.79999999999927,-58.79999999999927,-0.005746676070318424,-0.01334579633380062,202606,False,,False,,,16.336709607753903,-1.219718716597205,21.5073643953025,-2.733947261936102
2026-03-23,202606,7166.0,7203.599999999999,37.599999999999454,7.300793650793627,41.19778310243637,-26.596195800849113,37.599999999999454,0.0,-446.60000000000036,-396.40000000000055,50.19999999999982,-0.05866589601450234,-0.05215789473684218,202606,False,,False,,,16.40355911121576,1.8471117239726997,22.179813918393155,2.263319258885677
2026-03-24,202606,7350.2,7397.6,47.400000000000546,7.421428571428545,41.532679483937805,-26.689822341080717,47.400000000000546,0.0,184.19999999999982,194.0000000000009,9.800000000001091,0.025704716717834142,0.02693097895496699,202606,False,,False,,,16.665795856038475,2.3988396218166006,22.730107297982098,0.4311462269635261
2026-03-25,202606,7490.0,7514.599999999999,24.599999999999454,7.61349206349204,42.077528200952926,-26.850544073968848,24.599999999999454,0.0,139.80000000000018,116.99999999999909,-22.80000000000109,0.01901989061522147,0.015815940304963583,202606,False,,False,,,16.601286916161815,1.0232042866490414,22.22826765243492,-1.0257209583988225
2026-03-26,202606,7385.4,7408.8,23.400000000000546,7.6285714285714015,42.11909308647752,-26.861950229334713,23.400000000000546,0.0,-104.60000000000036,-105.79999999999927,-1.1999999999989086,-0.013965287049399255,-0.014079259042397374,202606,False,,False,,,16.644567166544586,0.9475421267264648,22.136169497002015,-0.05420992101462853
2026-03-27,202606,7502.0,7525.8,23.800000000000185,7.78333333333331,42.205203986783694,-26.638537320117074,23.800000000000182,3.552713678800501e-15,116.60000000000036,117.0,0.39999999999963975,0.015787905868334784,0.015792031098153636,202606,False,,False,,,16.694013927456126,0.9594257400447451,22.041943487979342,0.018147220104151946
2026-03-30,202606,7506.0,7526.599999999999,20.599999999999454,7.78095238095236,42.19828993986707,-26.636385177962342,20.599999999999454,0.0,4.0,0.7999999999992724,-3.200000000000731,0.0005331911490269459,0.00010630099125674697,202606,False,,False,,,16.764620153432855,0.764648855847901,22.034798099205027,-0.14522483871164588
2026-03-31,202606,7381.6,7404.4,22.799999999999272,7.82460317460315,42.27908783642667,-26.62988148722037,22.799999999999272,0.0,-124.39999999999964,-122.19999999999982,2.199999999999818,-0.016573407940314366,-0.016235750538091565,202606,False,,False,,,16.779437151201137,0.8924850512237906,21.997959409495696,0.1000092762717873
2026-04-01,202606,7514.4,7530.4,16.0,7.932539682539653,42.40364500836456,-26.538565643285253,16.0,0.0,132.79999999999927,126.0,-6.799999999999272,0.017990679527473574,0.01701690886499918,202606,False,,False,,,16.789907863374463,0.48049461516454905,21.87556461609,-0.31084911952387784
2026-04-02,202606,7345.6,7390.4,44.79999999999927,7.999206349206324,42.467469907000456,-26.46905720858781,44.79999999999927,0.0,-168.79999999999927,-140.0,28.799999999999272,-0.02246353667624812,-0.01859130989057689,202606,False,,False,,,16.646617759421297,2.210706954568307,21.864587761487744,1.317198399264017
2026-04-03,202606,7324.2,7329.6,5.400000000000546,8.135714285714256,42.9132494103529,-26.64182083892438,5.400000000000546,0.0,-21.400000000000546,-60.79999999999927,-39.39999999999873,-0.0029133086473536185,-0.0082268889369993,202606,False,,False,,,17.028455804056463,-0.16065545327145972,21.94516619194123,-1.795383988227317
2026-04-07,202606,7379.2,7391.8,12.600000000000364,8.192063492063465,42.90535569274799,-26.521228708621056,12.600000000000364,0.0,55.0,62.19999999999982,7.199999999999818,0.007509352557275806,0.008486138397729714,202606,False,,False,,,16.893053859112218,0.26093189216698265,22.17901191886082,0.32463123363385754
2026-04-08,202606,7762.6,7782.199999999999,19.599999999998545,8.1706349206349,42.866275185099795,-26.52500534383,19.599999999998545,0.0,383.40000000000055,390.3999999999987,6.999999999998181,0.05195685169124031,0.052815281798749725,202606,False,,False,,,16.743896098747562,0.6825989012329429,21.741558213139974,0.3219640437624007
2026-04-09,202606,7711.4,7719.8,8.400000000000546,8.072222222222196,42.49478629319181,-26.35034184874742,8.400000000000546,0.0,-51.20000000000073,-62.39999999999873,-11.199999999997999,-0.006595728235385123,-0.008018298167613125,202606,False,,False,,,16.77257694493408,0.019542481686295087,21.664718886808682,-0.5169695512097093
2026-04-10,202606,7803.0,7803.4,0.3999999999996362,8.019047619047598,42.39782096707728,-26.359725728982085,0.3999999999996362,0.0,91.60000000000036,83.59999999999945,-8.00000000000091,0.01187851751951663,0.010829296095753671,202606,False,,False,,,16.741176961629755,-0.45510824218097545,21.682752443713262,-0.3689568481108792
2026-04-13,202606,7800.8,7808.8,8.0,8.034920634920613,42.39583902086166,-26.32599775102043,8.0,0.0,-2.199999999999818,5.400000000000546,7.600000000000364,-0.0002819428424964965,0.0006920060486454993,202606,False,,False,,,16.746540604620975,-0.0020852446929234816,21.619937954853548,0.351527373291754
2026-04-14,202606,7883.2,7930.6,47.400000000000546,8.064285714285692,42.412332875191154,-26.283761446619767,47.400000000000546,0.0,82.39999999999964,121.80000000000018,39.400000000000546,0.010563019177520117,0.015597787111976347,202606,False,,False,,,16.723873216259808,2.3520696298672403,21.56798328611886,1.8267818310745056
2026-04-15,202606,7908.4,7929.000000000001,20.600000000001273,8.28253968253966,42.92853383985971,-26.363454474780394,20.600000000001273,0.0,25.199999999999818,-1.5999999999994543,-26.799999999999272,0.0031966714024760368,-0.00020175018283608015,202606,False,,False,,,17.138453544558423,0.7187031365132994,21.871641248637264,-1.2253309980415428
2026-04-16,202606,8053.8,8064.0,10.199999999999818,8.333333333333316,43.01400064610233,-26.347333979435703,10.199999999999818,0.0,145.40000000000055,134.9999999999991,-10.400000000001455,0.018385514136867176,0.017026106696935273,202606,False,,False,,,17.162342026611096,0.10876526430787471,22.03906760754866,-0.4718892915614689
2026-04-17,202606,8130.6,8133.2,2.5999999999994543,8.366666666666651,43.03826198491458,-26.30492865158127,2.5999999999994543,0.0,76.80000000000018,69.19999999999982,-7.600000000000364,0.00953587126573785,0.00858134920634912,202606,False,,False,,,16.84792335013782,-0.3422775939101138,21.72123701297277,-0.34988799189757686
2026-04-20,202606,8171.2,8165.800000000001,-5.399999999998727,8.367460317460301,43.038516290770865,-26.303595655850263,-5.399999999998727,0.0,40.599999999999454,32.60000000000127,-7.999999999998181,0.0049934814158856256,0.004008262430531762,202606,False,,False,,,16.83884398249074,-0.8176012754660962,21.609558210676305,-0.37020655036092975
2026-04-21,202606,8164.0,8183.2,19.199999999999815,8.317460317460307,43.03159240982217,-26.39667177490155,19.199999999999818,-3.552713678800501e-15,-7.199999999999818,17.399999999998727,24.59999999999854,-0.0008811435284903357,0.0021308383746845294,202606,False,,False,,,16.86046586221468,0.6454471526156305,21.509313838850897,1.1436905976779759
2026-04-22,202606,8301.6,8325.0,23.399999999999636,8.788095238095226,40.74368301567472,-23.16749253948427,23.399999999999636,0.0,137.60000000000036,141.80000000000018,4.199999999999822,0.016854483096521378,0.01732818457327201,202606,False,,False,,,16.8863050123375,0.8653109576801223,21.617879898665624,0.19428362169127736
2026-04-23,202606,8206.0,8228.0,22.0,8.625396825396809,39.853108867229295,-22.602315216435677,22.0,0.0,-95.60000000000036,-97.0,-1.3999999999996362,-0.011515852365809098,-0.011651651651651607,202606,False,,False,,,16.9350391648543,0.789759211325583,21.61652295459343,-0.06476527251586228
2026-04-24,202606,8194.8,8186.599999999999,-8.199999999999818,8.732539682539667,39.95778566790008,-22.492706302820743,-8.199999999999818,0.0,-11.200000000000728,-41.400000000000546,-30.199999999999818,-0.0013648549841580593,-0.005031599416626231,202606,False,,False,,,16.93481394147337,-0.9998657051124539,21.6028875735433,-1.3979612631500828
2026-04-27,202606,8201.6,8210.8,9.199999999998909,8.719047619047604,39.97070282848475,-22.532607590389535,9.199999999998909,0.0,6.800000000001091,24.199999999999818,17.399999999998727,0.0008297945038318044,0.0029560501307013265,202606,False,,False,,,16.904007055886243,0.02845197469222715,21.79674065153556,0.7982844902443206
2026-04-28,202606,8090.0,8121.2,31.199999999999815,8.792857142857121,39.96040261443419,-22.37468832871994,31.199999999999818,-3.552713678800501e-15,-111.60000000000036,-89.59999999999945,22.000000000000906,-0.013607101053452975,-0.010912456764261669,202606,False,,False,,,16.838639547724128,1.3306979339771658,21.856906173444287,1.0065468472720296
2026-04-29,202606,8254.8,8251.599999999999,-3.2000000000007276,8.905555555555534,40.19123631008696,-22.3801251989759,-3.2000000000007276,0.0,164.79999999999927,130.39999999999873,-34.400000000000546,0.02037082818294178,0.01605674038319438,202606,False,,False,,,16.8985654761436,-0.716365869792094,21.96599493156031,-1.5660569943306006
2026-04-30,202606,8273.8,8287.0,13.200000000000728,8.849206349206323,40.170868682725256,-22.472455984312607,13.200000000000728,0.0,19.0,35.400000000001455,16.400000000001455,0.0023016911372777393,0.004290077075961296,202606,False,,False,,,16.775175983962942,0.25935904666238735,22.218064449424666,0.7381381054741756
2026-05-06,202606,8480.4,8488.0,7.600000000000364,8.819841269841247,40.11112177664365,-22.47143923696116,7.600000000000364,0.0,206.60000000000036,201.0,-5.600000000000364,0.024970388455123338,0.02425485700494745,202606,False,,False,,,16.774329955457034,-0.07272071510934142,22.169327705392693,-0.2526012549599401
2026-05-07,202606,8624.6,8645.8,21.19999999999891,8.877777777777759,40.10542809463065,-22.34987253907514,21.19999999999891,0.0,144.20000000000073,157.79999999999927,13.599999999998545,0.017003914909674123,0.018590951932139443,202606,False,,False,,,16.774329955457034,0.7345880434534124,22.176445780934976,0.613263285485108
2026-05-08,202606,8645.4,8651.800000000001,6.400000000001455,9.037301587301563,40.10333570718111,-22.028732532577976,6.400000000001455,0.0,20.799999999999272,6.000000000001819,-14.799999999997453,0.0024117060501356313,0.0006939785791948427,202606,False,,False,,,16.792423014772712,-0.15705307000544283,22.215856653946243,-0.6661908307446925
2026-05-11,202606,8745.6,8744.2,-1.3999999999996362,9.038888888888872,40.10434064884276,-22.026562871065018,-1.3999999999996362,0.0,100.20000000000073,92.39999999999964,-7.800000000001091,0.011589978485668784,0.01067985852654929,202606,False,,False,,,16.79312028447621,-0.6216169902944338,22.238567281807406,-0.3507420195356739
2026-05-12,202606,8700.8,8705.8,5.0,9.054761904761891,40.094662787082555,-21.98513897755877,5.0,0.0,-44.80000000000109,-38.400000000001455,6.399999999999636,-0.005122575923893313,-0.004391482354017651,202606,False,,False,,,16.83926100252349,-0.24079215258640238,22.245647491660755,0.2876967281981255
2026-05-13,202606,8856.8,8864.400000000001,7.600000000002183,9.07222222222221,40.097970571719,-21.953526127274586,7.600000000002183,0.0,156.0,158.60000000000218,2.600000000002183,0.01792938580360426,0.01821773989753983,202606,False,,False,,,16.84930463451427,-0.08737584453214255,22.255120486728174,0.11682704668135546
2026-05-14,202606,8743.8,8703.6,-40.19999999999891,9.064285714285711,40.090515093713,-21.961943665141575,-40.19999999999891,0.0,-113.0,-160.8000000000011,-47.80000000000109,-0.012758558395808861,-0.01813997563286862,202606,False,,False,,,16.805323230717292,-2.931469096901262,22.228027080215377,-2.1504382655061054
2026-05-15,202606,8563.2,8603.599999999999,40.39999999999782,8.895238095238101,40.52562196638456,-22.73514577590835,40.39999999999782,0.0,-180.59999999999854,-100.00000000000182,80.59999999999673,-0.0206546352844299,-0.011489498598281411,202606,False,,False,,,17.519921590156986,1.798225051558431,22.7381207968851,3.5447080574502947
2026-05-18,202606,8594.2,8638.0,43.79999999999927,9.050793650793649,40.913904705365965,-22.81231740377867,43.79999999999927,0.0,31.0,34.400000000001455,3.400000000001455,0.003620142002989546,0.003998326282021569,202606,False,,False,,,17.734176329928747,1.9594485643272748,24.1366466836491,0.14086463809841152
2026-05-19,202606,8692.4,8721.6,29.200000000000728,9.23650793650793,41.36201483147701,-22.888998958461148,29.200000000000728,0.0,98.19999999999891,83.60000000000036,-14.599999999998545,0.011426310767727044,0.009678166242185648,202606,False,,False,,,17.87650113778665,1.116744932893761,24.10683293050728,-0.6056374158350014
2026-05-20,202606,8682.4,8709.0,26.600000000000364,9.37301587301587,41.5444829045817,-22.798451158549955,26.600000000000364,0.0,-10.0,-12.600000000000364,-2.600000000000364,-0.0011504302609175454,-0.001444689047881198,202606,False,,False,,,17.842328515882727,0.9655121029550335,24.152570601628774,-0.10764899699020145
2026-05-21,202606,8507.2,8451.2,-56.0,9.446825396825394,41.69090634728382,-22.79725555363303,-56.0,0.0,-175.1999999999989,-257.7999999999993,-82.60000000000036,-0.02017875241868594,-0.029601561602939364,202606,False,,False,,,17.797609191385455,-3.677281858088192,24.15396539793084,-3.419728340220125
2026-05-22,202606,8609.0,8593.199999999999,-15.800000000001091,9.143650793650789,42.39510610524515,-24.107804517943567,-15.800000000001091,0.0,101.79999999999927,141.99999999999818,40.19999999999891,0.011966334399097223,0.016802347595607614,202606,False,,False,,,19.03685951521457,-1.310281812696916,25.521807351852,1.5751235578965288
2026-05-25,202606,8672.8,8676.2,3.400000000001455,9.082539682539675,42.46079755199785,-24.2957181869185,3.400000000001455,0.0,63.79999999999927,83.00000000000182,19.200000000002547,0.0074108491113948904,0.009658799981380861,202606,False,,False,,,19.177917751750975,-0.29630639551676013,25.841297384323525,0.7429967510706377
2026-05-26,202606,8547.0,8599.0,52.0,9.07857142857143,42.4593026324949,-24.30215977535204,52.0,0.0,-125.79999999999927,-77.20000000000073,48.599999999998545,-0.014505119453924853,-0.008897904612618524,202606,False,,False,,,19.191927595957644,2.236431351505777,25.847213788067318,1.8802800332171714
2026-05-27,202606,8430.4,8453.8,23.399999999999636,9.237301587301587,43.05141951983156,-24.576816345228387,23.399999999999636,0.0,-116.60000000000036,-145.20000000000073,-28.600000000000364,-0.01364221364221363,-0.016885684381904964,202606,False,,False,,,19.598476440475533,0.7226428266356815,26.29890184748849,-1.0874978797919512
2026-05-28,202606,8540.8,8533.6,-7.199999999998909,9.313492063492063,43.16852732240462,-24.541543195420495,-7.199999999998909,0.0,110.39999999999964,79.80000000000109,-30.599999999998545,0.013095464034921234,0.009439541981121069,202606,False,,False,,,19.6279408142081,-0.8413257518861751,26.454924805499672,-1.1566844443888633
2026-05-29,202606,8317.2,8343.0,25.799999999999272,9.22222222222223,43.13099967196728,-24.686555227522824,25.799999999999272,0.0,-223.59999999999854,-190.60000000000036,32.99999999999818,-0.02618021730985376,-0.022335239523764927,202606,False,,False,,,19.674764023843704,0.8425909331205474,26.616527029481247,1.2398311756994596
2026-06-01,202606,8316.0,8313.2,-2.7999999999992724,9.305555555555562,43.27385392886296,-24.66274281775183,-2.7999999999992724,0.0,-1.2000000000007276,-29.799999999999272,-28.599999999998545,-0.00014427932477290017,-0.003571856646290228,202606,False,,False,,,19.724014998898234,-0.6137470264665201,26.80371329619536,-1.0670163377720563
2026-06-02,202606,8337.0,8330.4,-6.600000000000364,9.330952380952391,43.25322551652093,-24.591320754616135,-6.600000000000364,0.0,21.0,17.19999999999891,-3.8000000000010914,0.002525252525252597,0.00206899870086108,202606,False,,False,,,19.76395903577194,-0.8060607873209207,26.938036193074403,-0.14106447748325646
2026-06-03,202606,8359.4,8367.8,8.399999999999636,9.257142857142869,43.23698622441945,-24.722700510133713,8.399999999999636,0.0,22.399999999999636,37.399999999999636,15.0,0.0026868178001677734,0.004489580332276866,202606,False,,False,,,19.84660610122971,-0.043188384591868495,26.93567346569411,0.5568823077360343
2026-06-04,202606,8350.6,8360.2,9.600000000000364,9.264285714285728,43.24264268124566,-24.71407125267421,9.600000000000364,0.0,-8.799999999999272,-7.599999999998545,1.2000000000007276,-0.0010527071320907133,-0.0009082435048637372,202606,False,,False,,,19.8282019335891,0.016931151237971467,26.955376518095896,0.04451802033613347
2026-06-05,202606,8298.6,8294.0,-4.600000000000364,9.2857142857143,43.25805564208707,-24.68662707065847,-4.600000000000364,0.0,-52.0,-66.20000000000073,-14.200000000000728,-0.006227097454075126,-0.007918470849979764,202606,False,,False,,,19.828832797242622,-0.7002789537690589,26.942681845920564,-0.5270447864547223
2026-06-08,202606,8046.4,8068.0,21.600000000000364,9.260317460317472,43.26468633233315,-24.7440514116982,21.600000000000364,0.0,-252.20000000000073,-226.0,26.200000000000728,-0.030390668305497415,-0.027248613455509996,202606,False,,False,,,19.892486272485012,0.6203187661238181,26.979750805656938,0.9710986653926871
2026-06-09,202606,8237.2,8238.800000000001,1.6000000000003638,9.428571428571445,43.254739258392455,-24.397596401249565,1.6000000000003638,0.0,190.8000000000011,170.8000000000011,-20.0,0.023712467687413197,0.021170054536440386,202606,False,,False,,,19.89557749954493,-0.39348299534155984,27.088995939497163,-0.7383071725755239
2026-06-10,202606,8147.0,8168.199999999999,21.19999999999891,9.426984126984143,43.25458937211636,-24.400621118148067,21.19999999999891,0.0,-90.20000000000073,-70.60000000000218,19.599999999998545,-0.010950322925265987,-0.008569209108122755,202606,False,,False,,,19.897116688737764,0.5916945684737612,27.162708467918367,0.7215775268930906
2026-06-11,202606,8094.8,8130.599999999999,35.79999999999927,9.495238095238106,43.34826806331253,-24.357791872836316,35.79999999999927,0.0,-52.19999999999982,-37.599999999999454,14.600000000000364,-0.006407266478458351,-0.004603217355108824,202606,False,,False,,,19.915163909326672,1.3208408439180415,27.193571655704428,0.5368915927944208
2026-06-12,202606,8191.8,8200.0,8.199999999999818,9.607142857142868,43.62106715442592,-24.40678144014018,8.199999999999818,0.0,97.0,69.40000000000055,-27.599999999999454,0.01198300143301867,0.008535655425183863,202606,False,,False,,,20.03976289704274,-0.07021754021604226,27.18330592867823,-1.015329043215513
2026-06-15,202606,8453.4,8472.0,18.600000000000364,9.603968253968263,43.61826944868444,-24.410332940747914,18.600000000000364,0.0,261.59999999999945,272.0,10.400000000000546,0.03193437339778793,0.0331707317073171,202606,False,,False,,,19.85898519384328,0.45299554122337865,27.274637569460868,0.3813066250106773
2026-06-16,202606,8609.6,8611.4,1.7999999999992724,9.642063492063505,43.67514655927182,-24.391019575144817,1.7999999999992724,0.0,156.20000000000073,139.39999999999964,-16.80000000000109,0.018477772257316616,0.016454202077431423,202606,False,,False,,,19.84052011374279,-0.3952549352086958,27.25120988881103,-0.6164863897253582
2026-06-17,202606,8660.8,8685.6,24.80000000000109,9.669047619047628,43.66627238776884,-24.328177149673586,24.80000000000109,0.0,51.19999999999891,74.20000000000073,23.00000000000182,0.00594685002787565,0.008616485124370188,202606,False,,False,,,19.86118238314526,0.7618354279750233,27.28328744373313,0.8430069157697796
2026-06-18,202609,8505.6,8522.8,17.19999999999891,9.763492063492077,43.79621691163467,-24.269232784650516,17.19999999999891,0.0,-155.1999999999989,-162.8000000000011,-7.600000000002183,-0.017919822649177797,-0.01874366767983804,202606,True,,False,,,19.908981882455812,0.3735252751955151,27.38071547271862,-0.2775676189898913
2026-06-22,202609,8521.6,8566.4,44.79999999999927,9.823809523809532,43.85515601655459,-24.20753696893552,44.79999999999927,0.0,16.0,43.600000000000364,27.600000000000364,0.0018811136192626865,0.005115689679448199,202609,False,,False,,,19.72571628175456,1.773126510419356,27.27344244180144,1.01197346315544
2026-06-23,202609,8381.2,8427.0,45.79999999999927,9.97698412698413,44.28914533115449,-24.33517707718623,45.79999999999927,0.0,-140.39999999999964,-139.39999999999964,1.0,-0.01647577919639498,-0.016272880089652553,202609,False,,False,,,20.016793353622102,1.7896480839940758,27.29398638765116,0.03663810722981961
2026-06-24,202609,8486.8,8497.199999999999,10.399999999999636,10.146825396825395,44.74283130597059,-24.449180512319792,10.399999999999636,0.0,105.59999999999854,70.19999999999891,-35.399999999999636,0.012599627738271169,0.008330366678533263,202609,False,,False,,,20.25021850486909,0.012502314634944106,27.23260753455876,-1.2999122450935439
2026-06-25,202609,8517.8,8548.199999999999,30.399999999999636,10.157142857142857,44.75188882371614,-24.437603109430437,30.399999999999636,0.0,31.0,51.0,20.0,0.0036527313003722472,0.006001977121875335,202609,False,,False,,,20.0968664324574,1.0072643519272038,27.156669214546074,0.7364673422205729
2026-06-26,202609,8324.0,8341.0,17.0,10.306349206349202,44.924786097249296,-24.31208768455089,17.0,0.0,-193.79999999999927,-207.1999999999989,-13.399999999999636,-0.02275235389419794,-0.024239021080461276,202609,False,,False,,,20.18723459030565,0.3315783924592245,27.10964635056158,-0.494289000554301
2026-06-29,202609,8286.8,8324.0,37.20000000000073,10.365873015873012,44.97853599307663,-24.24678996133061,37.20000000000073,0.0,-37.20000000000073,-17.0,20.200000000000728,-0.004469005285920313,-0.0020381249250689404,202609,False,,False,,,20.149002431631473,1.3317843935539664,27.10507798412031,0.7452478097216703
2026-06-30,202609,8485.0,8518.0,33.0,10.51031746031746,45.266174698260336,-24.245539777625417,33.0,0.0,198.20000000000073,194.0,-4.200000000000728,0.023917555630641685,0.023306102835175313,202609,False,,False,,,20.200903970172057,1.113300799453827,27.1697779218606,-0.1545835233574522
2026-07-01,202609,8525.6,8543.0,17.399999999999636,10.634126984126988,45.48752433502205,-24.21927036676807,17.399999999999636,0.0,40.600000000000364,25.0,-15.600000000000364,0.0047849145550973304,0.002934961258511448,202609,False,,False,,,20.30211453384712,0.333259523513808,27.02123751362375,-0.577323669655583
2026-07-02,202609,8392.4,8384.6,-7.799999999999272,10.66587301587302,45.52932812460403,-24.197582092857992,-7.799999999999272,0.0,-133.20000000000073,-158.39999999999964,-25.19999999999891,-0.015623533827531233,-0.018541495961605925,202609,False,,False,,,20.308288500466347,-0.9092776585012692,27.04952995353267,-0.9316243218750567
2026-07-03,202609,8403.0,8398.800000000001,-4.199999999998909,10.629365079365089,45.55100592251396,-24.292275763783785,-4.199999999998909,0.0,10.600000000000364,14.200000000000728,3.600000000000364,0.0012630475191841573,0.0016935810891396397,202609,False,,False,,,20.391503380109118,-0.7272325538208867,27.163916945800985,0.13252875154872884
2026-07-06,202609,8255.2,8267.2,12.0,10.59603174603176,45.55833040042705,-24.36626690836353,12.0,0.0,-147.79999999999927,-131.60000000000036,16.19999999999891,-0.01758895632512192,-0.015668905081678397,202609,False,,False,,,20.45161572733502,0.06864828054106928,27.161227862338794,0.5964384262046378
2026-07-07,202609,8103.0,8127.6,24.600000000000364,10.569047619047632,45.516411242729816,-24.378316004634556,24.600000000000364,0.0,-152.20000000000073,-139.60000000000036,12.600000000000364,-0.018436864037213008,-0.016886007354364296,202609,False,,False,,,20.450871310869097,0.6860809091051124,27.21043798533065,0.4630575960149233
2026-07-08,202609,7995.8,7990.6,-5.199999999999818,10.643650793650808,45.63037333867549,-24.343071751373877,-5.199999999999818,0.0,-107.19999999999982,-137.0,-29.800000000000182,-0.013229668024188568,-0.01685614449529993,202609,False,,False,,,19.33471875913746,-0.8194404579152734,26.329980300529186,-1.1317896808073666
2026-07-09,202609,8092.6,8137.400000000001,44.80000000000018,10.583333333333348,45.626875969289536,-24.460209302622836,44.80000000000018,0.0,96.80000000000018,146.80000000000018,50.0,0.012106355836814409,0.01837158661427174,202609,False,,False,,,19.409931853189153,1.7628432147764008,25.538538831666894,1.9578253998620214
2026-07-10,202609,8096.0,8045.0,-51.0,10.669841269841282,45.9433544175175,-24.60367187783493,-51.0,0.0,3.399999999999636,-92.40000000000055,-95.80000000000018,0.00042013691520637053,-0.011354978248580672,202609,False,,False,,,19.49725657987316,-3.163000959504349,25.91509181612863,-3.6966876551977976
2026-07-13,202609,7688.2,7700.2,12.0,10.447619047619058,46.56019834636778,-25.664960251129664,12.0,0.0,-407.8000000000002,-344.8000000000002,63.0,-0.05037055335968377,-0.04285891858297086,202609,False,,False,,,20.480919329113366,0.07579644875482966,27.430593846795823,2.29670565471039
2026-07-14,202609,7766.8,7820.0,53.19999999999982,10.47777777777779,46.58276756780443,-25.627212012248854,53.19999999999982,0.0,78.60000000000036,119.80000000000018,41.19999999999982,0.010223459327280748,0.015558037453572648,202609,False,,False,,,19.978578022421235,2.1384015506146845,27.885358672300107,1.4774778579744716
2026-07-15,202609,7699.0,7728.599999999999,29.599999999999454,10.653174603174616,47.15657999151186,-25.850230785162633,29.599999999999454,0.0,-67.80000000000018,-91.40000000000055,-23.600000000000364,-0.008729463871864906,-0.011687979539642068,202609,False,,False,,,20.354327562094586,0.9308499796431051,27.55848905858073,-0.8563604466788489
2026-07-16,202609,7555.0,7588.8,33.80000000000018,10.715873015873026,47.29518193176041,-25.863435900014363,33.80000000000018,0.0,-144.0,-139.79999999999927,4.200000000000728,-0.018703727756851585,-0.01808865771291035,202609,False,,False,,,20.418301455885775,1.1305605921237356,27.586084839419893,0.1522506736439461
2026-07-17,202609,7143.6,7085.400000000001,-58.19999999999982,10.772222222222233,47.450108468988915,-25.90566402454445,-58.19999999999982,0.0,-411.39999999999964,-503.39999999999964,-92.0,-0.05445400397088018,-0.06633459835547117,202609,False,,False,,,20.49898928279526,-3.3646645339782792,27.584885042868642,-3.3351598115064185
2026-07-20,202609,6779.6,6873.8,94.19999999999982,10.507142857142869,48.19960083922174,-27.185315124936004,94.19999999999982,0.0,-364.0,-211.60000000000036,152.39999999999964,-0.050954700711126066,-0.029864227848815927,202609,False,,False,,,21.680882888578957,3.860214437436246,29.08533428907198,5.239754114060837
2026-07-21,202609,7141.6,7184.8,43.19999999999982,10.805555555555566,49.93150240274112,-28.320391291629996,43.19999999999982,0.0,362.0,311.0,-51.0,0.05339548055932508,0.0452442608164334,202609,False,,False,,,22.660721145371276,1.4295416388838627,32.59274871327769,-1.564765231943249
2026-07-22,202609,7027.0,7035.0,8.0,10.923809523809537,50.260812397761214,-28.413193350142148,8.0,0.0,-114.60000000000036,-149.80000000000018,-35.19999999999982,-0.016046824241066515,-0.020849571317225313,202609,False,,False,,,22.779797890218127,-0.12835098616327276,32.87015163772241,-1.0708803655047223
2026-07-23,202609,7068.8,7085.6,16.800000000000182,10.90952380952382,50.24815523710811,-28.42910761806047,16.800000000000182,0.0,41.80000000000018,50.600000000000364,8.800000000000182,0.0059484844172477125,0.007192608386638266,202609,False,,False,,,22.780801415474997,0.258571947625818,33.03687538726281,0.2663690163444747
2026-07-24,202609,6902.4,6893.2,-9.199999999999818,10.94603174603176,50.28940441052833,-28.397340918464813,-9.199999999999818,0.0,-166.40000000000055,-192.40000000000055,-26.0,-0.0235400633770938,-0.027153663768770486,202609,False,,False,,,22.763392461661567,-0.8850188643877144,33.04627786616938,-0.7867754457943689
2026-07-27,202609,7106.6,7151.4,44.79999999999927,10.912698412698427,50.310232941314865,-28.484836115918014,44.79999999999927,0.0,204.20000000000073,258.1999999999998,53.99999999999909,0.029583912841910198,0.03745720420124177,202609,False,,False,,,22.881033652571187,1.4810214478004085,33.1376227941058,1.6295677072407284
2026-07-28,202609,6920.4,6946.8,26.400000000000546,11.076984126984136,50.69337304675825,-28.53940479278998,26.400000000000546,0.0,-186.20000000000073,-204.59999999999945,-18.399999999998727,-0.026200996257000675,-0.028609782699890896,202609,False,,False,,,23.06744402263431,0.664270209477093,33.56404250824004,-0.5482057173381749
